diagnosis,table,column,row,value,repair,extended_diagnosis,file_path,data_type,nullable
organization edmoid error,wo,organization_edmoid,1,45,https://edmo.seadatanet.org/report/45,organization edmoid should be a list of URIs,/github/workspace/logsheets/filtered/water_observatory.csv,EMOBONList,False
source_mat_id error,ws,source_mat_id,1,EMOBON_MBAL4_Wa_1,,source_mat_id should match ^EMOBON_MBAL4_Wa_211103_200um_1$,/github/workspace/logsheets/filtered/water_sampling.csv,XSDString,False
source_mat_id error,ws,source_mat_id,2,EMOBON_MBAL4_Wa_2,,source_mat_id should match ^EMOBON_MBAL4_Wa_211103_200um_2$,/github/workspace/logsheets/filtered/water_sampling.csv,XSDString,False
source_mat_id error,ws,source_mat_id,3,EMOBON_MBAL4_Wa_3,,source_mat_id should match ^EMOBON_MBAL4_Wa_211103_3um_1$,/github/workspace/logsheets/filtered/water_sampling.csv,XSDString,False
source_mat_id error,ws,source_mat_id,4,EMOBON_MBAL4_Wa_4,,source_mat_id should match ^EMOBON_MBAL4_Wa_211103_3um_2$,/github/workspace/logsheets/filtered/water_sampling.csv,XSDString,False
source_mat_id error,ws,source_mat_id,5,EMOBON_MBAL4_Wa_5,,source_mat_id should match ^EMOBON_MBAL4_Wa_211103_200um_3$,/github/workspace/logsheets/filtered/water_sampling.csv,XSDString,False
source_mat_id error,ws,source_mat_id,6,EMOBON_MBAL4_Wa_6,,source_mat_id should match ^EMOBON_MBAL4_Wa_211103_200um_4$,/github/workspace/logsheets/filtered/water_sampling.csv,XSDString,False
source_mat_id error,ws,source_mat_id,7,EMOBON_MBAL4_Wa_7,,source_mat_id should match ^EMOBON_MBAL4_Wa_211103_3um_3$,/github/workspace/logsheets/filtered/water_sampling.csv,XSDString,False
source_mat_id error,ws,source_mat_id,8,EMOBON_MBAL4_Wa_8,,source_mat_id should match ^EMOBON_MBAL4_Wa_211103_3um_4$,/github/workspace/logsheets/filtered/water_sampling.csv,XSDString,False
source_mat_id error,ws,source_mat_id,9,EMOBON_MBAL4_Wa_9,,source_mat_id should match ^EMOBON_MBAL4_Wa_211103_um_blank_1$,/github/workspace/logsheets/filtered/water_sampling.csv,XSDString,False
source_mat_id error,ws,source_mat_id,10,EMOBON_MBAL4_Wa_10,,source_mat_id should match ^EMOBON_MBAL4_Wa_211103_3um_blank_1$,/github/workspace/logsheets/filtered/water_sampling.csv,XSDString,False
source_mat_id error,ws,source_mat_id,11,EMOBON_MBAL4_Wa_11,,source_mat_id should match ^EMOBON_MBAL4_Wa_211216_200um_1$,/github/workspace/logsheets/filtered/water_sampling.csv,XSDString,False
source_mat_id error,ws,source_mat_id,12,EMOBON_MBAL4_Wa_12,,source_mat_id should match ^EMOBON_MBAL4_Wa_211216_200um_2$,/github/workspace/logsheets/filtered/water_sampling.csv,XSDString,False
source_mat_id error,ws,source_mat_id,13,EMOBON_MBAL4_Wa_13,,source_mat_id should match ^EMOBON_MBAL4_Wa_211216_3um_1$,/github/workspace/logsheets/filtered/water_sampling.csv,XSDString,False
source_mat_id error,ws,source_mat_id,14,EMOBON_MBAL4_Wa_14,,source_mat_id should match ^EMOBON_MBAL4_Wa_211216_3um_2$,/github/workspace/logsheets/filtered/water_sampling.csv,XSDString,False
source_mat_id error,ws,source_mat_id,15,EMOBON_MBAL4_Wa_15,,source_mat_id should match ^EMOBON_MBAL4_Wa_211216_200um_3$,/github/workspace/logsheets/filtered/water_sampling.csv,XSDString,False
source_mat_id error,ws,source_mat_id,16,EMOBON_MBAL4_Wa_16,,source_mat_id should match ^EMOBON_MBAL4_Wa_211216_200um_4$,/github/workspace/logsheets/filtered/water_sampling.csv,XSDString,False
source_mat_id error,ws,source_mat_id,17,EMOBON_MBAL4_Wa_17,,source_mat_id should match ^EMOBON_MBAL4_Wa_211216_3um_3$,/github/workspace/logsheets/filtered/water_sampling.csv,XSDString,False
source_mat_id error,ws,source_mat_id,18,EMOBON_MBAL4_Wa_18,,source_mat_id should match ^EMOBON_MBAL4_Wa_211216_3um_4$,/github/workspace/logsheets/filtered/water_sampling.csv,XSDString,False
source_mat_id error,ws,source_mat_id,19,EMOBON_MBAL4_Wa_19,,source_mat_id should match ^EMOBON_MBAL4_Wa_211216_um_blank_1$,/github/workspace/logsheets/filtered/water_sampling.csv,XSDString,False
source_mat_id error,ws,source_mat_id,20,EMOBON_MBAL4_Wa_20,,source_mat_id should match ^EMOBON_MBAL4_Wa_211216_3um_blank_1$,/github/workspace/logsheets/filtered/water_sampling.csv,XSDString,False
datatype mismatch,wm,pigments_method,1,"this isn't pigments but fluorescence from https://www.westernchannelobservatory.org.uk/ collected using fluorometer, data from 2 m",,,/github/workspace/logsheets/filtered/water_measured.csv,EMOBONList,True
datatype mismatch,wm,pigments_method,2,"this isn't pigments but fluorescence from https://www.westernchannelobservatory.org.uk/ collected using fluorometer, data from 2 m",,,/github/workspace/logsheets/filtered/water_measured.csv,EMOBONList,True
datatype mismatch,wm,pigments_method,3,"this isn't pigments but fluorescence from https://www.westernchannelobservatory.org.uk/ collected using fluorometer, data from 2 m",,,/github/workspace/logsheets/filtered/water_measured.csv,EMOBONList,True
datatype mismatch,wm,pigments_method,4,"this isn't pigments but fluorescence from https://www.westernchannelobservatory.org.uk/ collected using fluorometer, data from 2 m",,,/github/workspace/logsheets/filtered/water_measured.csv,EMOBONList,True
datatype mismatch,wm,pigments_method,5,"this isn't pigments but fluorescence from https://www.westernchannelobservatory.org.uk/ collected using fluorometer, data from 2 m",,,/github/workspace/logsheets/filtered/water_measured.csv,EMOBONList,True
datatype mismatch,wm,pigments_method,6,"this isn't pigments but fluorescence from https://www.westernchannelobservatory.org.uk/ collected using fluorometer, data from 2 m",,,/github/workspace/logsheets/filtered/water_measured.csv,EMOBONList,True
datatype mismatch,wm,pigments_method,7,"this isn't pigments but fluorescence from https://www.westernchannelobservatory.org.uk/ collected using fluorometer, data from 2 m",,,/github/workspace/logsheets/filtered/water_measured.csv,EMOBONList,True
datatype mismatch,wm,pigments_method,8,"this isn't pigments but fluorescence from https://www.westernchannelobservatory.org.uk/ collected using fluorometer, data from 2 m",,,/github/workspace/logsheets/filtered/water_measured.csv,EMOBONList,True
datatype mismatch,wo,contact_orcid,1,0000-0002-6716-3555,https://orcid.org/0000-0002-6716-3555,,/github/workspace/logsheets/filtered/water_observatory.csv,XSDAnyURI,True
datatype mismatch,wo,loc_broad_ocean_mrgid,1,1912,http://marineregions.org/mrgid/1912,,/github/workspace/logsheets/filtered/water_observatory.csv,XSDAnyURI,False
datatype mismatch,wo,loc_loc_mrgid,1,17527,http://marineregions.org/mrgid/17527,,/github/workspace/logsheets/filtered/water_observatory.csv,XSDAnyURI,False
datatype mismatch,wo,loc_regional_mrgid,1,2389,http://marineregions.org/mrgid/2389,,/github/workspace/logsheets/filtered/water_observatory.csv,XSDAnyURI,False
datatype mismatch,wo,ENA_accession_number_project,1,PRJEB51657,https://www.ebi.ac.uk/ena/browser/view/PRJEB51657,,/github/workspace/logsheets/filtered/water_observatory.csv,XSDAnyURI,False
datatype mismatch,wo,ENA_accession_number_umbrella,1,PRJEB51688,https://www.ebi.ac.uk/ena/browser/view/PRJEB51688,,/github/workspace/logsheets/filtered/water_observatory.csv,XSDAnyURI,False
datatype mismatch,ws,arr_date_hq,1,2022-01-25 00:00:00,2022-01-25,,/github/workspace/logsheets/filtered/water_sampling.csv,XSDDate,False
datatype mismatch,ws,arr_date_hq,2,2022-01-25 00:00:00,2022-01-25,,/github/workspace/logsheets/filtered/water_sampling.csv,XSDDate,False
datatype mismatch,ws,arr_date_hq,3,2022-01-25 00:00:00,2022-01-25,,/github/workspace/logsheets/filtered/water_sampling.csv,XSDDate,False
datatype mismatch,ws,arr_date_hq,4,2022-01-25 00:00:00,2022-01-25,,/github/workspace/logsheets/filtered/water_sampling.csv,XSDDate,False
datatype mismatch,ws,arr_date_hq,11,2022-01-25 00:00:00,2022-01-25,,/github/workspace/logsheets/filtered/water_sampling.csv,XSDDate,False
datatype mismatch,ws,arr_date_hq,12,2022-01-25 00:00:00,2022-01-25,,/github/workspace/logsheets/filtered/water_sampling.csv,XSDDate,False
datatype mismatch,ws,arr_date_hq,13,2022-01-25 00:00:00,2022-01-25,,/github/workspace/logsheets/filtered/water_sampling.csv,XSDDate,False
datatype mismatch,ws,arr_date_hq,14,2022-01-25 00:00:00,2022-01-25,,/github/workspace/logsheets/filtered/water_sampling.csv,XSDDate,False
datatype mismatch,ws,arr_date_seq,1,2022-02-23 00:00:00,2022-02-23,,/github/workspace/logsheets/filtered/water_sampling.csv,XSDDate,False
datatype mismatch,ws,arr_date_seq,2,2022-02-23 00:00:00,2022-02-23,,/github/workspace/logsheets/filtered/water_sampling.csv,XSDDate,False
datatype mismatch,ws,arr_date_seq,3,2022-02-23 00:00:00,2022-02-23,,/github/workspace/logsheets/filtered/water_sampling.csv,XSDDate,False
datatype mismatch,ws,arr_date_seq,4,2022-02-23 00:00:00,2022-02-23,,/github/workspace/logsheets/filtered/water_sampling.csv,XSDDate,False
datatype mismatch,ws,arr_date_seq,11,2022-02-23 00:00:00,2022-02-23,,/github/workspace/logsheets/filtered/water_sampling.csv,XSDDate,False
datatype mismatch,ws,arr_date_seq,12,2022-02-23 00:00:00,2022-02-23,,/github/workspace/logsheets/filtered/water_sampling.csv,XSDDate,False
datatype mismatch,ws,arr_date_seq,13,2022-02-23 00:00:00,2022-02-23,,/github/workspace/logsheets/filtered/water_sampling.csv,XSDDate,False
datatype mismatch,ws,arr_date_seq,14,2022-02-23 00:00:00,2022-02-23,,/github/workspace/logsheets/filtered/water_sampling.csv,XSDDate,False
datatype mismatch,ws,collection_date,1,2021-11-03 00:00:00,2021-11-03,,/github/workspace/logsheets/filtered/water_sampling.csv,XSDDate,False
datatype mismatch,ws,collection_date,2,2021-11-03 00:00:00,2021-11-03,,/github/workspace/logsheets/filtered/water_sampling.csv,XSDDate,False
datatype mismatch,ws,collection_date,3,2021-11-03 00:00:00,2021-11-03,,/github/workspace/logsheets/filtered/water_sampling.csv,XSDDate,False
datatype mismatch,ws,collection_date,4,2021-11-03 00:00:00,2021-11-03,,/github/workspace/logsheets/filtered/water_sampling.csv,XSDDate,False
datatype mismatch,ws,collection_date,5,2021-11-03 00:00:00,2021-11-03,,/github/workspace/logsheets/filtered/water_sampling.csv,XSDDate,False
datatype mismatch,ws,collection_date,6,2021-11-03 00:00:00,2021-11-03,,/github/workspace/logsheets/filtered/water_sampling.csv,XSDDate,False
datatype mismatch,ws,collection_date,7,2021-11-03 00:00:00,2021-11-03,,/github/workspace/logsheets/filtered/water_sampling.csv,XSDDate,False
datatype mismatch,ws,collection_date,8,2021-11-03 00:00:00,2021-11-03,,/github/workspace/logsheets/filtered/water_sampling.csv,XSDDate,False
datatype mismatch,ws,collection_date,9,2021-11-03 00:00:00,2021-11-03,,/github/workspace/logsheets/filtered/water_sampling.csv,XSDDate,False
datatype mismatch,ws,collection_date,10,2021-11-03 00:00:00,2021-11-03,,/github/workspace/logsheets/filtered/water_sampling.csv,XSDDate,False
datatype mismatch,ws,collection_date,11,2021-12-16 00:00:00,2021-12-16,,/github/workspace/logsheets/filtered/water_sampling.csv,XSDDate,False
datatype mismatch,ws,collection_date,12,2021-12-16 00:00:00,2021-12-16,,/github/workspace/logsheets/filtered/water_sampling.csv,XSDDate,False
datatype mismatch,ws,collection_date,13,2021-12-16 00:00:00,2021-12-16,,/github/workspace/logsheets/filtered/water_sampling.csv,XSDDate,False
datatype mismatch,ws,collection_date,14,2021-12-16 00:00:00,2021-12-16,,/github/workspace/logsheets/filtered/water_sampling.csv,XSDDate,False
datatype mismatch,ws,collection_date,15,2021-12-16 00:00:00,2021-12-16,,/github/workspace/logsheets/filtered/water_sampling.csv,XSDDate,False
datatype mismatch,ws,collection_date,16,2021-12-16 00:00:00,2021-12-16,,/github/workspace/logsheets/filtered/water_sampling.csv,XSDDate,False
datatype mismatch,ws,collection_date,17,2021-12-16 00:00:00,2021-12-16,,/github/workspace/logsheets/filtered/water_sampling.csv,XSDDate,False
datatype mismatch,ws,collection_date,18,2021-12-16 00:00:00,2021-12-16,,/github/workspace/logsheets/filtered/water_sampling.csv,XSDDate,False
datatype mismatch,ws,collection_date,19,2021-12-16 00:00:00,2021-12-16,,/github/workspace/logsheets/filtered/water_sampling.csv,XSDDate,False
datatype mismatch,ws,collection_date,20,2021-12-16 00:00:00,2021-12-16,,/github/workspace/logsheets/filtered/water_sampling.csv,XSDDate,False
datatype mismatch,ws,long_store,1,N,false,,/github/workspace/logsheets/filtered/water_sampling.csv,XSDBoolean,False
datatype mismatch,ws,long_store,2,N,false,,/github/workspace/logsheets/filtered/water_sampling.csv,XSDBoolean,False
datatype mismatch,ws,long_store,3,N,false,,/github/workspace/logsheets/filtered/water_sampling.csv,XSDBoolean,False
datatype mismatch,ws,long_store,4,N,false,,/github/workspace/logsheets/filtered/water_sampling.csv,XSDBoolean,False
datatype mismatch,ws,long_store,5,Y,true,,/github/workspace/logsheets/filtered/water_sampling.csv,XSDBoolean,False
datatype mismatch,ws,long_store,6,Y,true,,/github/workspace/logsheets/filtered/water_sampling.csv,XSDBoolean,False
datatype mismatch,ws,long_store,7,Y,true,,/github/workspace/logsheets/filtered/water_sampling.csv,XSDBoolean,False
datatype mismatch,ws,long_store,8,Y,true,,/github/workspace/logsheets/filtered/water_sampling.csv,XSDBoolean,False
datatype mismatch,ws,long_store,9,Y,true,,/github/workspace/logsheets/filtered/water_sampling.csv,XSDBoolean,False
datatype mismatch,ws,long_store,10,Y,true,,/github/workspace/logsheets/filtered/water_sampling.csv,XSDBoolean,False
datatype mismatch,ws,long_store,11,N,false,,/github/workspace/logsheets/filtered/water_sampling.csv,XSDBoolean,False
datatype mismatch,ws,long_store,12,N,false,,/github/workspace/logsheets/filtered/water_sampling.csv,XSDBoolean,False
datatype mismatch,ws,long_store,13,N,false,,/github/workspace/logsheets/filtered/water_sampling.csv,XSDBoolean,False
datatype mismatch,ws,long_store,14,N,false,,/github/workspace/logsheets/filtered/water_sampling.csv,XSDBoolean,False
datatype mismatch,ws,long_store,15,Y,true,,/github/workspace/logsheets/filtered/water_sampling.csv,XSDBoolean,False
datatype mismatch,ws,long_store,16,Y,true,,/github/workspace/logsheets/filtered/water_sampling.csv,XSDBoolean,False
datatype mismatch,ws,long_store,17,Y,true,,/github/workspace/logsheets/filtered/water_sampling.csv,XSDBoolean,False
datatype mismatch,ws,long_store,18,Y,true,,/github/workspace/logsheets/filtered/water_sampling.csv,XSDBoolean,False
datatype mismatch,ws,long_store,19,Y,true,,/github/workspace/logsheets/filtered/water_sampling.csv,XSDBoolean,False
datatype mismatch,ws,long_store,20,Y,true,,/github/workspace/logsheets/filtered/water_sampling.csv,XSDBoolean,False
datatype mismatch,ws,membr_cut,1,Y,true,,/github/workspace/logsheets/filtered/water_sampling.csv,XSDBoolean,False
datatype mismatch,ws,membr_cut,2,Y,true,,/github/workspace/logsheets/filtered/water_sampling.csv,XSDBoolean,False
datatype mismatch,ws,membr_cut,3,Y,true,,/github/workspace/logsheets/filtered/water_sampling.csv,XSDBoolean,False
datatype mismatch,ws,membr_cut,4,Y,true,,/github/workspace/logsheets/filtered/water_sampling.csv,XSDBoolean,False
datatype mismatch,ws,membr_cut,5,Y,true,,/github/workspace/logsheets/filtered/water_sampling.csv,XSDBoolean,False
datatype mismatch,ws,membr_cut,6,Y,true,,/github/workspace/logsheets/filtered/water_sampling.csv,XSDBoolean,False
datatype mismatch,ws,membr_cut,7,Y,true,,/github/workspace/logsheets/filtered/water_sampling.csv,XSDBoolean,False
datatype mismatch,ws,membr_cut,8,Y,true,,/github/workspace/logsheets/filtered/water_sampling.csv,XSDBoolean,False
datatype mismatch,ws,membr_cut,9,N,false,,/github/workspace/logsheets/filtered/water_sampling.csv,XSDBoolean,False
datatype mismatch,ws,membr_cut,10,N,false,,/github/workspace/logsheets/filtered/water_sampling.csv,XSDBoolean,False
datatype mismatch,ws,membr_cut,11,Y,true,,/github/workspace/logsheets/filtered/water_sampling.csv,XSDBoolean,False
datatype mismatch,ws,membr_cut,12,Y,true,,/github/workspace/logsheets/filtered/water_sampling.csv,XSDBoolean,False
datatype mismatch,ws,membr_cut,13,Y,true,,/github/workspace/logsheets/filtered/water_sampling.csv,XSDBoolean,False
datatype mismatch,ws,membr_cut,14,Y,true,,/github/workspace/logsheets/filtered/water_sampling.csv,XSDBoolean,False
datatype mismatch,ws,membr_cut,15,Y,true,,/github/workspace/logsheets/filtered/water_sampling.csv,XSDBoolean,False
datatype mismatch,ws,membr_cut,16,Y,true,,/github/workspace/logsheets/filtered/water_sampling.csv,XSDBoolean,False
datatype mismatch,ws,membr_cut,17,Y,true,,/github/workspace/logsheets/filtered/water_sampling.csv,XSDBoolean,False
datatype mismatch,ws,membr_cut,18,Y,true,,/github/workspace/logsheets/filtered/water_sampling.csv,XSDBoolean,False
datatype mismatch,ws,membr_cut,19,N,false,,/github/workspace/logsheets/filtered/water_sampling.csv,XSDBoolean,False
datatype mismatch,ws,membr_cut,20,N,false,,/github/workspace/logsheets/filtered/water_sampling.csv,XSDBoolean,False
datatype mismatch,ws,ship_date,1,2022-01-18 00:00:00,2022-01-18,,/github/workspace/logsheets/filtered/water_sampling.csv,XSDDate,False
datatype mismatch,ws,ship_date,2,2022-01-18 00:00:00,2022-01-18,,/github/workspace/logsheets/filtered/water_sampling.csv,XSDDate,False
datatype mismatch,ws,ship_date,3,2022-01-18 00:00:00,2022-01-18,,/github/workspace/logsheets/filtered/water_sampling.csv,XSDDate,False
datatype mismatch,ws,ship_date,4,2022-01-18 00:00:00,2022-01-18,,/github/workspace/logsheets/filtered/water_sampling.csv,XSDDate,False
datatype mismatch,ws,ship_date,11,2022-01-18 00:00:00,2022-01-18,,/github/workspace/logsheets/filtered/water_sampling.csv,XSDDate,False
datatype mismatch,ws,ship_date,12,2022-01-18 00:00:00,2022-01-18,,/github/workspace/logsheets/filtered/water_sampling.csv,XSDDate,False
datatype mismatch,ws,ship_date,13,2022-01-18 00:00:00,2022-01-18,,/github/workspace/logsheets/filtered/water_sampling.csv,XSDDate,False
datatype mismatch,ws,ship_date,14,2022-01-18 00:00:00,2022-01-18,,/github/workspace/logsheets/filtered/water_sampling.csv,XSDDate,False
datatype mismatch,ws,ship_date_seq,1,2022-02-22 00:00:00,2022-02-22,,/github/workspace/logsheets/filtered/water_sampling.csv,XSDDate,False
datatype mismatch,ws,ship_date_seq,2,2022-02-22 00:00:00,2022-02-22,,/github/workspace/logsheets/filtered/water_sampling.csv,XSDDate,False
datatype mismatch,ws,ship_date_seq,3,2022-02-22 00:00:00,2022-02-22,,/github/workspace/logsheets/filtered/water_sampling.csv,XSDDate,False
datatype mismatch,ws,ship_date_seq,4,2022-02-22 00:00:00,2022-02-22,,/github/workspace/logsheets/filtered/water_sampling.csv,XSDDate,False
datatype mismatch,ws,ship_date_seq,11,2022-02-22 00:00:00,2022-02-22,,/github/workspace/logsheets/filtered/water_sampling.csv,XSDDate,False
datatype mismatch,ws,ship_date_seq,12,2022-02-22 00:00:00,2022-02-22,,/github/workspace/logsheets/filtered/water_sampling.csv,XSDDate,False
datatype mismatch,ws,ship_date_seq,13,2022-02-22 00:00:00,2022-02-22,,/github/workspace/logsheets/filtered/water_sampling.csv,XSDDate,False
datatype mismatch,ws,ship_date_seq,14,2022-02-22 00:00:00,2022-02-22,,/github/workspace/logsheets/filtered/water_sampling.csv,XSDDate,False
missing value,ws,size_frac_up,9,,,,/github/workspace/logsheets/filtered/water_sampling.csv,XSDFloat,False
missing value,ws,size_frac_up,19,,,,/github/workspace/logsheets/filtered/water_sampling.csv,XSDFloat,False
datatype mismatch,ws,tax_id,1,1874687,https://www.ncbi.nlm.nih.gov/taxonomy/browser/wwwtax.cgi?id=1874687,,/github/workspace/logsheets/filtered/water_sampling.csv,XSDAnyURI,False
datatype mismatch,ws,tax_id,2,1874687,https://www.ncbi.nlm.nih.gov/taxonomy/browser/wwwtax.cgi?id=1874687,,/github/workspace/logsheets/filtered/water_sampling.csv,XSDAnyURI,False
datatype mismatch,ws,tax_id,3,1874687,https://www.ncbi.nlm.nih.gov/taxonomy/browser/wwwtax.cgi?id=1874687,,/github/workspace/logsheets/filtered/water_sampling.csv,XSDAnyURI,False
datatype mismatch,ws,tax_id,4,1874687,https://www.ncbi.nlm.nih.gov/taxonomy/browser/wwwtax.cgi?id=1874687,,/github/workspace/logsheets/filtered/water_sampling.csv,XSDAnyURI,False
datatype mismatch,ws,tax_id,5,1874687,https://www.ncbi.nlm.nih.gov/taxonomy/browser/wwwtax.cgi?id=1874687,,/github/workspace/logsheets/filtered/water_sampling.csv,XSDAnyURI,False
datatype mismatch,ws,tax_id,6,1874687,https://www.ncbi.nlm.nih.gov/taxonomy/browser/wwwtax.cgi?id=1874687,,/github/workspace/logsheets/filtered/water_sampling.csv,XSDAnyURI,False
datatype mismatch,ws,tax_id,7,1874687,https://www.ncbi.nlm.nih.gov/taxonomy/browser/wwwtax.cgi?id=1874687,,/github/workspace/logsheets/filtered/water_sampling.csv,XSDAnyURI,False
datatype mismatch,ws,tax_id,8,1874687,https://www.ncbi.nlm.nih.gov/taxonomy/browser/wwwtax.cgi?id=1874687,,/github/workspace/logsheets/filtered/water_sampling.csv,XSDAnyURI,False
datatype mismatch,ws,tax_id,9,256318,https://www.ncbi.nlm.nih.gov/taxonomy/browser/wwwtax.cgi?id=256318,,/github/workspace/logsheets/filtered/water_sampling.csv,XSDAnyURI,False
datatype mismatch,ws,tax_id,10,256318,https://www.ncbi.nlm.nih.gov/taxonomy/browser/wwwtax.cgi?id=256318,,/github/workspace/logsheets/filtered/water_sampling.csv,XSDAnyURI,False
datatype mismatch,ws,tax_id,11,1874687,https://www.ncbi.nlm.nih.gov/taxonomy/browser/wwwtax.cgi?id=1874687,,/github/workspace/logsheets/filtered/water_sampling.csv,XSDAnyURI,False
datatype mismatch,ws,tax_id,12,1874687,https://www.ncbi.nlm.nih.gov/taxonomy/browser/wwwtax.cgi?id=1874687,,/github/workspace/logsheets/filtered/water_sampling.csv,XSDAnyURI,False
datatype mismatch,ws,tax_id,13,1874687,https://www.ncbi.nlm.nih.gov/taxonomy/browser/wwwtax.cgi?id=1874687,,/github/workspace/logsheets/filtered/water_sampling.csv,XSDAnyURI,False
datatype mismatch,ws,tax_id,14,1874687,https://www.ncbi.nlm.nih.gov/taxonomy/browser/wwwtax.cgi?id=1874687,,/github/workspace/logsheets/filtered/water_sampling.csv,XSDAnyURI,False
datatype mismatch,ws,tax_id,15,1874687,https://www.ncbi.nlm.nih.gov/taxonomy/browser/wwwtax.cgi?id=1874687,,/github/workspace/logsheets/filtered/water_sampling.csv,XSDAnyURI,False
datatype mismatch,ws,tax_id,16,1874687,https://www.ncbi.nlm.nih.gov/taxonomy/browser/wwwtax.cgi?id=1874687,,/github/workspace/logsheets/filtered/water_sampling.csv,XSDAnyURI,False
datatype mismatch,ws,tax_id,17,1874687,https://www.ncbi.nlm.nih.gov/taxonomy/browser/wwwtax.cgi?id=1874687,,/github/workspace/logsheets/filtered/water_sampling.csv,XSDAnyURI,False
datatype mismatch,ws,tax_id,18,1874687,https://www.ncbi.nlm.nih.gov/taxonomy/browser/wwwtax.cgi?id=1874687,,/github/workspace/logsheets/filtered/water_sampling.csv,XSDAnyURI,False
datatype mismatch,ws,tax_id,19,256318,https://www.ncbi.nlm.nih.gov/taxonomy/browser/wwwtax.cgi?id=256318,,/github/workspace/logsheets/filtered/water_sampling.csv,XSDAnyURI,False
datatype mismatch,ws,tax_id,20,256318,https://www.ncbi.nlm.nih.gov/taxonomy/browser/wwwtax.cgi?id=256318,,/github/workspace/logsheets/filtered/water_sampling.csv,XSDAnyURI,False
datatype mismatch,ws,failure,1,F,false,,/github/workspace/logsheets/filtered/water_sampling.csv,XSDBoolean,False
datatype mismatch,ws,failure,2,F,false,,/github/workspace/logsheets/filtered/water_sampling.csv,XSDBoolean,False
datatype mismatch,ws,failure,3,F,false,,/github/workspace/logsheets/filtered/water_sampling.csv,XSDBoolean,False
datatype mismatch,ws,failure,4,F,false,,/github/workspace/logsheets/filtered/water_sampling.csv,XSDBoolean,False
datatype mismatch,ws,failure,11,F,false,,/github/workspace/logsheets/filtered/water_sampling.csv,XSDBoolean,False
datatype mismatch,ws,failure,12,F,false,,/github/workspace/logsheets/filtered/water_sampling.csv,XSDBoolean,False
datatype mismatch,ws,failure,13,F,false,,/github/workspace/logsheets/filtered/water_sampling.csv,XSDBoolean,False
datatype mismatch,ws,failure,14,F,false,,/github/workspace/logsheets/filtered/water_sampling.csv,XSDBoolean,False
datatype mismatch,ws,samp_store_date,1,2021-11-03 00:00:00,2021-11-03,,/github/workspace/logsheets/filtered/water_sampling.csv,XSDDate,False
datatype mismatch,ws,samp_store_date,2,2021-11-03 00:00:00,2021-11-03,,/github/workspace/logsheets/filtered/water_sampling.csv,XSDDate,False
datatype mismatch,ws,samp_store_date,3,2021-11-03 00:00:00,2021-11-03,,/github/workspace/logsheets/filtered/water_sampling.csv,XSDDate,False
datatype mismatch,ws,samp_store_date,4,2021-11-03 00:00:00,2021-11-03,,/github/workspace/logsheets/filtered/water_sampling.csv,XSDDate,False
datatype mismatch,ws,samp_store_date,5,2021-11-03 00:00:00,2021-11-03,,/github/workspace/logsheets/filtered/water_sampling.csv,XSDDate,False
datatype mismatch,ws,samp_store_date,6,2021-11-03 00:00:00,2021-11-03,,/github/workspace/logsheets/filtered/water_sampling.csv,XSDDate,False
datatype mismatch,ws,samp_store_date,7,2021-11-03 00:00:00,2021-11-03,,/github/workspace/logsheets/filtered/water_sampling.csv,XSDDate,False
datatype mismatch,ws,samp_store_date,8,2021-11-03 00:00:00,2021-11-03,,/github/workspace/logsheets/filtered/water_sampling.csv,XSDDate,False
datatype mismatch,ws,samp_store_date,9,2021-11-03 00:00:00,2021-11-03,,/github/workspace/logsheets/filtered/water_sampling.csv,XSDDate,False
datatype mismatch,ws,samp_store_date,10,2021-11-03 00:00:00,2021-11-03,,/github/workspace/logsheets/filtered/water_sampling.csv,XSDDate,False
datatype mismatch,ws,samp_store_date,11,2021-12-16 00:00:00,2021-12-16,,/github/workspace/logsheets/filtered/water_sampling.csv,XSDDate,False
datatype mismatch,ws,samp_store_date,12,2021-12-16 00:00:00,2021-12-16,,/github/workspace/logsheets/filtered/water_sampling.csv,XSDDate,False
datatype mismatch,ws,samp_store_date,13,2021-12-16 00:00:00,2021-12-16,,/github/workspace/logsheets/filtered/water_sampling.csv,XSDDate,False
datatype mismatch,ws,samp_store_date,14,2021-12-16 00:00:00,2021-12-16,,/github/workspace/logsheets/filtered/water_sampling.csv,XSDDate,False
datatype mismatch,ws,samp_store_date,15,2021-12-16 00:00:00,2021-12-16,,/github/workspace/logsheets/filtered/water_sampling.csv,XSDDate,False
datatype mismatch,ws,samp_store_date,16,2021-12-16 00:00:00,2021-12-16,,/github/workspace/logsheets/filtered/water_sampling.csv,XSDDate,False
datatype mismatch,ws,samp_store_date,17,2021-12-16 00:00:00,2021-12-16,,/github/workspace/logsheets/filtered/water_sampling.csv,XSDDate,False
datatype mismatch,ws,samp_store_date,18,2021-12-16 00:00:00,2021-12-16,,/github/workspace/logsheets/filtered/water_sampling.csv,XSDDate,False
datatype mismatch,ws,samp_store_date,19,2021-12-16 00:00:00,2021-12-16,,/github/workspace/logsheets/filtered/water_sampling.csv,XSDDate,False
datatype mismatch,ws,samp_store_date,20,2021-12-16 00:00:00,2021-12-16,,/github/workspace/logsheets/filtered/water_sampling.csv,XSDDate,False
