source_mat_id_orig,samp_description,tax_id,scientific_name,investigation_type,env_material,collection_date,sampling_event,sampl_person,sampl_person_orcid,tidal_stage,noteworthy_env_cond,depth,replicate,samp_size_vol,time_fi,size_frac,size_frac_low,size_frac_up,membr_cut,samp_collect_device,samp_mat_process,samp_mat_process_dev,samp_store_date,samp_store_loc,samp_store_temp,store_person,store_person_orcid,other_person,other_person_orcid,long_store,ship_date,arr_date_hq,store_temp_hq,ship_date_seq,arr_date_seq,failure,failure_comment,ENA_accession_number_sample,source_mat_id
EMO BON MBAL4 Wa 211103 3µm (1),EMOBON metagenome water sample from station MBAL4 collected on 2021-11-03 size fraction 3-200um,1874687,marine plankton metagenome,metagenome,seawater [ENVO:00002149]; coastal sea water [ENVO:00002150]; surface water [ENVO:00002042],2021-11-03 00:00:00,MBAL4_Wa_211103,"Frances Perry, Mitchell Brenen, Sean McTierney",https://orcid.org/0000-0003-1560-1506,ebb_tide,,1,1,20,4.5,3-200,3,200,Y,Niskin,WaSOP 1,"4.5 mL cryotubes, 4 mL DNA/RNA shield, vacuum pump",2021-11-03 00:00:00,shipped,-80,Kimberley Bird,https://orcid.org/,Michael Cunliffe,https://orcid.org/0000-0002-6716-3555,N,2022-01-18 00:00:00,2022-01-25 00:00:00,-70,2022-02-22 00:00:00,2022-02-23 00:00:00,F,NA,NA,EMOBON_MBAL4_Wa_1
EMO BON MBAL4 Wa 211103 3µm (2),EMOBON metagenome water sample from station MBAL4 collected on 2021-11-03 size fraction 3-200um,1874687,marine plankton metagenome,metagenome,seawater [ENVO:00002149]; coastal sea water [ENVO:00002150]; surface water [ENVO:00002042],2021-11-03 00:00:00,MBAL4_Wa_211103,"Frances Perry, Mitchell Brenen, Sean McTierney",https://orcid.org/0000-0003-1560-1506,ebb_tide,,1,2,20,4.5,3-200,3,200,Y,Niskin,WaSOP 1,"4.5 mL cryotubes, 4 mL DNA/RNA shield, vacuum pump",2021-11-03 00:00:00,shipped,-80,Kimberley Bird,https://orcid.org/,Michael Cunliffe,https://orcid.org/0000-0002-6716-3555,N,2022-01-18 00:00:00,2022-01-25 00:00:00,-70,2022-02-22 00:00:00,2022-02-23 00:00:00,F,NA,NA,EMOBON_MBAL4_Wa_2
EMO BON MBAL4 Wa 211103 0.2µm (1),EMOBON metagenome water sample from station MBAL4 collected on 2021-11-03 size fraction 0.2-3um,1874687,marine plankton metagenome,metagenome,seawater [ENVO:00002149]; coastal sea water [ENVO:00002150]; surface water [ENVO:00002042],2021-11-03 00:00:00,MBAL4_Wa_211103,"Frances Perry, Mitchell Brenen, Sean McTierney",https://orcid.org/0000-0003-1560-1506,ebb_tide,,1,1,20,4.5,0.2-3,0.2,3,Y,Niskin,WaSOP 1,"4.5 mL cryotubes, 4 mL DNA/RNA shield, vacuum pump",2021-11-03 00:00:00,shipped,-80,Kimberley Bird,https://orcid.org/,Michael Cunliffe,https://orcid.org/0000-0002-6716-3555,N,2022-01-18 00:00:00,2022-01-25 00:00:00,-70,2022-02-22 00:00:00,2022-02-23 00:00:00,F,NA,NA,EMOBON_MBAL4_Wa_3
EMO BON MBAL4 Wa 211103 0.2µm (2),EMOBON metagenome water sample from station MBAL4 collected on 2021-11-03 size fraction 0.2-3um,1874687,marine plankton metagenome,metagenome,seawater [ENVO:00002149]; coastal sea water [ENVO:00002150]; surface water [ENVO:00002042],2021-11-03 00:00:00,MBAL4_Wa_211103,"Frances Perry, Mitchell Brenen, Sean McTierney",https://orcid.org/0000-0003-1560-1506,ebb_tide,,1,2,20,4.5,0.2-3,0.2,3,Y,Niskin,WaSOP 1,"4.5 mL cryotubes, 4 mL DNA/RNA shield, vacuum pump",2021-11-03 00:00:00,shipped,-80,Kimberley Bird,https://orcid.org/,Michael Cunliffe,https://orcid.org/0000-0002-6716-3555,N,2022-01-18 00:00:00,2022-01-25 00:00:00,-70,2022-02-22 00:00:00,2022-02-23 00:00:00,F,NA,NA,EMOBON_MBAL4_Wa_4
EMO BON MBAL4 Wa 211103 3µm (3),EMOBON metagenome water sample from station MBAL4 collected on 2021-11-03 size fraction 3-200um,1874687,marine plankton metagenome,metagenome,seawater [ENVO:00002149]; coastal sea water [ENVO:00002150]; surface water [ENVO:00002042],2021-11-03 00:00:00,MBAL4_Wa_211103,"Frances Perry, Mitchell Brenen, Sean McTierney",https://orcid.org/0000-0003-1560-1506,ebb_tide,,1,3,20,7.75,3-200,3,200,Y,Niskin,WaSOP 1,"4.5 mL cryotubes, vacuum pump",2021-11-03 00:00:00,Cell and Molec chest Tower A1,-80,Kimberley Bird,https://orcid.org/,Michael Cunliffe,https://orcid.org/0000-0002-6716-3555,Y,NA,NA,NA,NA,NA,NA,NA,NA,EMOBON_MBAL4_Wa_5
EMO BON MBAL4 Wa 211103 3µm (4),EMOBON metagenome water sample from station MBAL4 collected on 2021-11-03 size fraction 3-200um,1874687,marine plankton metagenome,metagenome,seawater [ENVO:00002149]; coastal sea water [ENVO:00002150]; surface water [ENVO:00002042],2021-11-03 00:00:00,MBAL4_Wa_211103,"Frances Perry, Mitchell Brenen, Sean McTierney",https://orcid.org/0000-0003-1560-1506,ebb_tide,,1,4,20,7.75,3-200,3,200,Y,Niskin,WaSOP 1,"4.5 mL cryotubes, vacuum pump",2021-11-03 00:00:00,Cell and Molec chest Tower A1,-80,Kimberley Bird,https://orcid.org/,Michael Cunliffe,https://orcid.org/0000-0002-6716-3555,Y,NA,NA,NA,NA,NA,NA,NA,NA,EMOBON_MBAL4_Wa_6
EMO BON MBAL4 Wa 211103 0.2µm (3),EMOBON metagenome water sample from station MBAL4 collected on 2021-11-03 size fraction 0.2-3um,1874687,marine plankton metagenome,metagenome,seawater [ENVO:00002149]; coastal sea water [ENVO:00002150]; surface water [ENVO:00002042],2021-11-03 00:00:00,MBAL4_Wa_211103,"Frances Perry, Mitchell Brenen, Sean McTierney",https://orcid.org/0000-0003-1560-1506,ebb_tide,,1,3,20,7.75,0.2-3,0.2,3,Y,Niskin,WaSOP 1,"4.5 mL cryotubes, vacuum pump",2021-11-03 00:00:00,Cell and Molec chest Tower A1,-80,Kimberley Bird,https://orcid.org/,Michael Cunliffe,https://orcid.org/0000-0002-6716-3555,Y,NA,NA,NA,NA,NA,NA,NA,NA,EMOBON_MBAL4_Wa_7
EMO BON MBAL4 Wa 211103 0.2µm (4),EMOBON metagenome water sample from station MBAL4 collected on 2021-11-03 size fraction 0.2-3um,1874687,marine plankton metagenome,metagenome,seawater [ENVO:00002149]; coastal sea water [ENVO:00002150]; surface water [ENVO:00002042],2021-11-03 00:00:00,MBAL4_Wa_211103,"Frances Perry, Mitchell Brenen, Sean McTierney",https://orcid.org/0000-0003-1560-1506,ebb_tide,,1,4,20,7.75,0.2-3,0.2,3,Y,Niskin,WaSOP 1,"4.5 mL cryotubes, vacuum pump",2021-11-03 00:00:00,Cell and Molec chest Tower A1,-80,Kimberley Bird,https://orcid.org/,Michael Cunliffe,https://orcid.org/0000-0002-6716-3555,Y,NA,NA,NA,NA,NA,NA,NA,NA,EMOBON_MBAL4_Wa_8
EMO BON MBAL4 Wa 211103 3µm (blank),EMOBON metagenome water sample from station MBAL4 collected on 2021-11-03 size fraction 3um,256318,metagenome,metagenome,MilliQ water [ENVO:00003065],2021-11-03 00:00:00,MBAL4_Wa_211103,NA,NA,NA,,NA,blank_1,20,0,3,3,,N,NA,WaSOP 1,"4.5 mL cryotubes, 4 mL DNA/RNA shield, vacuum pump",2021-11-03 00:00:00,Cell and Molec chest Tower A1,-80,Kimberley Bird,https://orcid.org/,Michael Cunliffe,https://orcid.org/0000-0002-6716-3555,Y,NA,NA,NA,NA,NA,NA,NA,NA,EMOBON_MBAL4_Wa_9
EMO BON MBAL4 Wa 211103 0.2µm (blank),EMOBON metagenome water sample from station MBAL4 collected on 2021-11-03 size fraction 0.2-3um,256318,metagenome,metagenome,MilliQ water [ENVO:00003065],2021-11-03 00:00:00,MBAL4_Wa_211103,NA,NA,NA,,NA,blank_1,20,0,0.2-3,0.2,3,N,NA,WaSOP 1,"4.5 mL cryotubes, 4 mL DNA/RNA shield, vacuum pump",2021-11-03 00:00:00,Cell and Molec chest Tower A1,-80,Kimberley Bird,https://orcid.org/,Michael Cunliffe,https://orcid.org/0000-0002-6716-3555,Y,NA,NA,NA,NA,NA,NA,NA,NA,EMOBON_MBAL4_Wa_10
EMO BON MBAL4 Wa 211216 3µm (1),EMOBON metagenome water sample from station MBAL4 collected on 2021-12-16 size fraction 3-200um,1874687,marine plankton metagenome,metagenome,seawater [ENVO:00002149]; coastal sea water [ENVO:00002150]; surface water [ENVO:00002042],2021-12-16 00:00:00,MBAL4_Wa_211216,"Frances Perry, Mitchell Brenen, Sean McTierney",https://orcid.org/0000-0003-1560-1506,low_tide,,1,1,20,3.5,3-200,3,200,Y,Niskin,WaSOP 1,"4.5 mL cryotubes, 4 mL DNA/RNA shield, vacuum pump",2021-12-16 00:00:00,shipped,-80,Kimberley Bird,https://orcid.org/,Michael Cunliffe,https://orcid.org/0000-0002-6716-3555,N,2022-01-18 00:00:00,2022-01-25 00:00:00,-70,2022-02-22 00:00:00,2022-02-23 00:00:00,F,NA,NA,EMOBON_MBAL4_Wa_11
EMO BON MBAL4 Wa 211216 3µm (2),EMOBON metagenome water sample from station MBAL4 collected on 2021-12-16 size fraction 3-200um,1874687,marine plankton metagenome,metagenome,seawater [ENVO:00002149]; coastal sea water [ENVO:00002150]; surface water [ENVO:00002042],2021-12-16 00:00:00,MBAL4_Wa_211216,"Frances Perry, Mitchell Brenen, Sean McTierney",https://orcid.org/0000-0003-1560-1506,low_tide,,1,2,20,3.5,3-200,3,200,Y,Niskin,WaSOP 1,"4.5 mL cryotubes, 4 mL DNA/RNA shield, vacuum pump",2021-12-16 00:00:00,shipped,-80,Kimberley Bird,https://orcid.org/,Michael Cunliffe,https://orcid.org/0000-0002-6716-3555,N,2022-01-18 00:00:00,2022-01-25 00:00:00,-70,2022-02-22 00:00:00,2022-02-23 00:00:00,F,NA,NA,EMOBON_MBAL4_Wa_12
EMO BON MBAL4 Wa 211216 0.2µm (1),EMOBON metagenome water sample from station MBAL4 collected on 2021-12-16 size fraction 0.2-3um,1874687,marine plankton metagenome,metagenome,seawater [ENVO:00002149]; coastal sea water [ENVO:00002150]; surface water [ENVO:00002042],2021-12-16 00:00:00,MBAL4_Wa_211216,"Frances Perry, Mitchell Brenen, Sean McTierney",https://orcid.org/0000-0003-1560-1506,low_tide,,1,1,20,3.5,0.2-3,0.2,3,Y,Niskin,WaSOP 1,"4.5 mL cryotubes, 4 mL DNA/RNA shield, vacuum pump",2021-12-16 00:00:00,shipped,-80,Kimberley Bird,https://orcid.org/,Michael Cunliffe,https://orcid.org/0000-0002-6716-3555,N,2022-01-18 00:00:00,2022-01-25 00:00:00,-70,2022-02-22 00:00:00,2022-02-23 00:00:00,F,NA,NA,EMOBON_MBAL4_Wa_13
EMO BON MBAL4 Wa 211216 0.2µm (2),EMOBON metagenome water sample from station MBAL4 collected on 2021-12-16 size fraction 0.2-3um,1874687,marine plankton metagenome,metagenome,seawater [ENVO:00002149]; coastal sea water [ENVO:00002150]; surface water [ENVO:00002042],2021-12-16 00:00:00,MBAL4_Wa_211216,"Frances Perry, Mitchell Brenen, Sean McTierney",https://orcid.org/0000-0003-1560-1506,low_tide,,1,2,20,3.5,0.2-3,0.2,3,Y,Niskin,WaSOP 1,"4.5 mL cryotubes, 4 mL DNA/RNA shield, vacuum pump",2021-12-16 00:00:00,shipped,-80,Kimberley Bird,https://orcid.org/,Michael Cunliffe,https://orcid.org/0000-0002-6716-3555,N,2022-01-18 00:00:00,2022-01-25 00:00:00,-70,2022-02-22 00:00:00,2022-02-23 00:00:00,F,NA,NA,EMOBON_MBAL4_Wa_14
EMO BON MBAL4 Wa 211216 3µm (3),EMOBON metagenome water sample from station MBAL4 collected on 2021-12-16 size fraction 3-200um,1874687,marine plankton metagenome,metagenome,seawater [ENVO:00002149]; coastal sea water [ENVO:00002150]; surface water [ENVO:00002042],2021-12-16 00:00:00,MBAL4_Wa_211216,"Frances Perry, Mitchell Brenen, Sean McTierney",https://orcid.org/0000-0003-1560-1506,low_tide,,1,3,20,4.5,3-200,3,200,Y,Niskin,WaSOP 1,"4.5 mL cryotubes, vacuum pump",2021-12-16 00:00:00,Cell and Molec chest Tower A1,-80,Kimberley Bird,https://orcid.org/,Michael Cunliffe,https://orcid.org/0000-0002-6716-3555,Y,NA,NA,NA,NA,NA,NA,NA,NA,EMOBON_MBAL4_Wa_15
EMO BON MBAL4 Wa 211216 3µm (4),EMOBON metagenome water sample from station MBAL4 collected on 2021-12-16 size fraction 3-200um,1874687,marine plankton metagenome,metagenome,seawater [ENVO:00002149]; coastal sea water [ENVO:00002150]; surface water [ENVO:00002042],2021-12-16 00:00:00,MBAL4_Wa_211216,"Frances Perry, Mitchell Brenen, Sean McTierney",https://orcid.org/0000-0003-1560-1506,low_tide,,1,4,20,4.5,3-200,3,200,Y,Niskin,WaSOP 1,"4.5 mL cryotubes, vacuum pump",2021-12-16 00:00:00,Cell and Molec chest Tower A1,-80,Kimberley Bird,https://orcid.org/,Michael Cunliffe,https://orcid.org/0000-0002-6716-3555,Y,NA,NA,NA,NA,NA,NA,NA,NA,EMOBON_MBAL4_Wa_16
EMO BON MBAL4 Wa 211216 0.2µm (3),EMOBON metagenome water sample from station MBAL4 collected on 2021-12-16 size fraction 0.2-3um,1874687,marine plankton metagenome,metagenome,seawater [ENVO:00002149]; coastal sea water [ENVO:00002150]; surface water [ENVO:00002042],2021-12-16 00:00:00,MBAL4_Wa_211216,"Frances Perry, Mitchell Brenen, Sean McTierney",https://orcid.org/0000-0003-1560-1506,low_tide,,1,3,20,4.5,0.2-3,0.2,3,Y,Niskin,WaSOP 1,"4.5 mL cryotubes, vacuum pump",2021-12-16 00:00:00,Cell and Molec chest Tower A1,-80,Kimberley Bird,https://orcid.org/,Michael Cunliffe,https://orcid.org/0000-0002-6716-3555,Y,NA,NA,NA,NA,NA,NA,NA,NA,EMOBON_MBAL4_Wa_17
EMO BON MBAL4 Wa 211216 0.2µm (4),EMOBON metagenome water sample from station MBAL4 collected on 2021-12-16 size fraction 0.2-3um,1874687,marine plankton metagenome,metagenome,seawater [ENVO:00002149]; coastal sea water [ENVO:00002150]; surface water [ENVO:00002042],2021-12-16 00:00:00,MBAL4_Wa_211216,"Frances Perry, Mitchell Brenen, Sean McTierney",https://orcid.org/0000-0003-1560-1506,low_tide,,1,4,20,4.5,0.2-3,0.2,3,Y,Niskin,WaSOP 1,"4.5 mL cryotubes, vacuum pump",2021-12-16 00:00:00,Cell and Molec chest Tower A1,-80,Kimberley Bird,https://orcid.org/,Michael Cunliffe,https://orcid.org/0000-0002-6716-3555,Y,NA,NA,NA,NA,NA,NA,NA,NA,EMOBON_MBAL4_Wa_18
EMO BON MBAL4 Wa 211216 3µm (blank),EMOBON metagenome water sample from station MBAL4 collected on 2021-12-16 size fraction 3um,256318,metagenome,metagenome,MilliQ water [ENVO:00003065],2021-12-16 00:00:00,MBAL4_Wa_211216,NA,NA,NA,,NA,blank_1,20,0,3,3,,N,NA,WaSOP 1,"4.5 mL cryotubes, 4 mL DNA/RNA shield, vacuum pump",2021-12-16 00:00:00,Cell and Molec chest Tower A1,-80,Kimberley Bird,https://orcid.org/,Michael Cunliffe,https://orcid.org/0000-0002-6716-3555,Y,NA,NA,NA,NA,NA,NA,NA,NA,EMOBON_MBAL4_Wa_19
EMO BON MBAL4 Wa 211216 0.2µm (blank),EMOBON metagenome water sample from station MBAL4 collected on 2021-12-16 size fraction 0.2-3um,256318,metagenome,metagenome,MilliQ water [ENVO:00003065],2021-12-16 00:00:00,MBAL4_Wa_211216,NA,NA,NA,,NA,blank_1,20,0,0.2-3,0.2,3,N,NA,WaSOP 1,"4.5 mL cryotubes, 4 mL DNA/RNA shield, vacuum pump",2021-12-16 00:00:00,Cell and Molec chest Tower A1,-80,Kimberley Bird,https://orcid.org/,Michael Cunliffe,https://orcid.org/0000-0002-6716-3555,Y,NA,NA,NA,NA,NA,NA,NA,NA,EMOBON_MBAL4_Wa_20
EMO BON MBAL4 Wa 220301 3µm (1),EMOBON metagenome water sample from station MBAL4 collected on 2022-03-01 size fraction 3-200um,1874687,marine plankton metagenome,metagenome,seawater [ENVO:00002149]; coastal sea water [ENVO:00002150]; surface water [ENVO:00002042],2022-03-01 00:00:00,MBAL4_Wa_220301,"Frances Perry, Mitchell Brenen, Sean McTierney",https://orcid.org/0000-0003-1560-1506,ebb_tide,,1,1,20,6,3-200,3,200,Y,Niskin,WaSOP 1,"4.5 mL cryotubes, 4 mL DNA/RNA shield, vacuum pump",2022-03-01 00:00:00,shipped,-80,Kimberley Bird,https://orcid.org/,Michael Cunliffe,https://orcid.org/0000-0002-6716-3555,N,2022-10-10 00:00:00,2022-10-15 00:00:00,-70,2023-06-01 00:00:00,2023-06-01 00:00:00,NA,NA,NA,EMOBON_MBAL4_Wa_21
EMO BON MBAL4 Wa 220301 3µm (2),EMOBON metagenome water sample from station MBAL4 collected on 2022-03-01 size fraction 3-200um,1874687,marine plankton metagenome,metagenome,seawater [ENVO:00002149]; coastal sea water [ENVO:00002150]; surface water [ENVO:00002042],2022-03-01 00:00:00,MBAL4_Wa_220301,"Frances Perry, Mitchell Brenen, Sean McTierney",https://orcid.org/0000-0003-1560-1506,ebb_tide,,1,2,20,6,3-200,3,200,Y,Niskin,WaSOP 1,"4.5 mL cryotubes, 4 mL DNA/RNA shield, vacuum pump",2022-03-01 00:00:00,shipped,-80,Kimberley Bird,https://orcid.org/,Michael Cunliffe,https://orcid.org/0000-0002-6716-3555,N,2022-10-10 00:00:00,2022-10-15 00:00:00,-70,2023-06-01 00:00:00,2023-06-01 00:00:00,NA,NA,NA,EMOBON_MBAL4_Wa_22
EMO BON MBAL4 Wa 220301 0.2µm (1),EMOBON metagenome water sample from station MBAL4 collected on 2022-03-01 size fraction 0.2-3um,1874687,marine plankton metagenome,metagenome,seawater [ENVO:00002149]; coastal sea water [ENVO:00002150]; surface water [ENVO:00002042],2022-03-01 00:00:00,MBAL4_Wa_220301,"Frances Perry, Mitchell Brenen, Sean McTierney",https://orcid.org/0000-0003-1560-1506,ebb_tide,,1,1,20,6,0.2-3,0.2,3,Y,Niskin,WaSOP 1,"4.5 mL cryotubes, 4 mL DNA/RNA shield, vacuum pump",2022-03-01 00:00:00,shipped,-80,Kimberley Bird,https://orcid.org/,Michael Cunliffe,https://orcid.org/0000-0002-6716-3555,N,2022-10-10 00:00:00,2022-10-15 00:00:00,-70,2023-06-01 00:00:00,2023-06-01 00:00:00,NA,NA,NA,EMOBON_MBAL4_Wa_23
EMO BON MBAL4 Wa 220301 0.2µm (2),EMOBON metagenome water sample from station MBAL4 collected on 2022-03-01 size fraction 0.2-3um,1874687,marine plankton metagenome,metagenome,seawater [ENVO:00002149]; coastal sea water [ENVO:00002150]; surface water [ENVO:00002042],2022-03-01 00:00:00,MBAL4_Wa_220301,"Frances Perry, Mitchell Brenen, Sean McTierney",https://orcid.org/0000-0003-1560-1506,ebb_tide,,1,2,20,6,0.2-3,0.2,3,Y,Niskin,WaSOP 1,"4.5 mL cryotubes, 4 mL DNA/RNA shield, vacuum pump",2022-03-01 00:00:00,shipped,-80,Kimberley Bird,https://orcid.org/,Michael Cunliffe,https://orcid.org/0000-0002-6716-3555,N,2022-10-10 00:00:00,2022-10-15 00:00:00,-70,2023-06-01 00:00:00,2023-06-01 00:00:00,NA,NA,NA,EMOBON_MBAL4_Wa_24
EMO BON MBAL4 Wa 220301 3µm (3),EMOBON metagenome water sample from station MBAL4 collected on 2022-03-01 size fraction 3-200um,1874687,marine plankton metagenome,metagenome,seawater [ENVO:00002149]; coastal sea water [ENVO:00002150]; surface water [ENVO:00002042],2022-03-01 00:00:00,MBAL4_Wa_220301,"Frances Perry, Mitchell Brenen, Sean McTierney",https://orcid.org/0000-0003-1560-1506,ebb_tide,,1,3,20,7,3-200,3,200,Y,Niskin,WaSOP 1,"4.5 mL cryotubes, vacuum pump",2022-03-01 00:00:00,Cell and Molec chest Tower A1,-80,Kimberley Bird,https://orcid.org/,Michael Cunliffe,https://orcid.org/0000-0002-6716-3555,Y,NA,NA,NA,NA,NA,NA,NA,NA,EMOBON_MBAL4_Wa_25
EMO BON MBAL4 Wa 220301 3µm (4),EMOBON metagenome water sample from station MBAL4 collected on 2022-03-01 size fraction 3-200um,1874687,marine plankton metagenome,metagenome,seawater [ENVO:00002149]; coastal sea water [ENVO:00002150]; surface water [ENVO:00002042],2022-03-01 00:00:00,MBAL4_Wa_220301,"Frances Perry, Mitchell Brenen, Sean McTierney",https://orcid.org/0000-0003-1560-1506,ebb_tide,,1,4,20,7,3-200,3,200,Y,Niskin,WaSOP 1,"4.5 mL cryotubes, vacuum pump",2022-03-01 00:00:00,Cell and Molec chest Tower A1,-80,Kimberley Bird,https://orcid.org/,Michael Cunliffe,https://orcid.org/0000-0002-6716-3555,Y,NA,NA,NA,NA,NA,NA,NA,NA,EMOBON_MBAL4_Wa_26
EMO BON MBAL4 Wa 220301 0.2µm (3),EMOBON metagenome water sample from station MBAL4 collected on 2022-03-01 size fraction 0.2-3um,1874687,marine plankton metagenome,metagenome,seawater [ENVO:00002149]; coastal sea water [ENVO:00002150]; surface water [ENVO:00002042],2022-03-01 00:00:00,MBAL4_Wa_220301,"Frances Perry, Mitchell Brenen, Sean McTierney",https://orcid.org/0000-0003-1560-1506,ebb_tide,,1,3,20,7,0.2-3,0.2,3,Y,Niskin,WaSOP 1,"4.5 mL cryotubes, vacuum pump",2022-03-01 00:00:00,Cell and Molec chest Tower A1,-80,Kimberley Bird,https://orcid.org/,Michael Cunliffe,https://orcid.org/0000-0002-6716-3555,Y,NA,NA,NA,NA,NA,NA,NA,NA,EMOBON_MBAL4_Wa_27
EMO BON MBAL4 Wa 220301 0.2µm (4),EMOBON metagenome water sample from station MBAL4 collected on 2022-03-01 size fraction 0.2-3um,1874687,marine plankton metagenome,metagenome,seawater [ENVO:00002149]; coastal sea water [ENVO:00002150]; surface water [ENVO:00002042],2022-03-01 00:00:00,MBAL4_Wa_220301,"Frances Perry, Mitchell Brenen, Sean McTierney",https://orcid.org/0000-0003-1560-1506,ebb_tide,,1,4,20,7,0.2-3,0.2,3,Y,Niskin,WaSOP 1,"4.5 mL cryotubes, vacuum pump",2022-03-01 00:00:00,Cell and Molec chest Tower A1,-80,Kimberley Bird,https://orcid.org/,Michael Cunliffe,https://orcid.org/0000-0002-6716-3555,Y,NA,NA,NA,NA,NA,NA,NA,NA,EMOBON_MBAL4_Wa_28
EMO BON MBAL4 Wa 220301 3µm (blank),EMOBON metagenome water sample from station MBAL4 collected on 2022-03-01 size fraction 3um,256318,metagenome,metagenome,MilliQ water [ENVO:00003065],2022-03-01 00:00:00,MBAL4_Wa_220301,NA,NA,NA,,NA,blank_1,20,0,3,3,,N,NA,WaSOP 1,"4.5 mL cryotubes, 4 mL DNA/RNA shield, vacuum pump",2022-03-01 00:00:00,Cell and Molec chest Tower A1,-80,Kimberley Bird,https://orcid.org/,Michael Cunliffe,https://orcid.org/0000-0002-6716-3555,Y,NA,NA,NA,NA,NA,NA,NA,NA,EMOBON_MBAL4_Wa_29
EMO BON MBAL4 Wa 220301 0.2µm (blank),EMOBON metagenome water sample from station MBAL4 collected on 2022-03-01 size fraction 0.2-3um,256318,metagenome,metagenome,MilliQ water [ENVO:00003065],2022-03-01 00:00:00,MBAL4_Wa_220301,NA,NA,NA,,NA,blank_1,20,0,0.2-3,0.2,3,N,NA,WaSOP 1,"4.5 mL cryotubes, 4 mL DNA/RNA shield, vacuum pump",2022-03-01 00:00:00,Cell and Molec chest Tower A1,-80,Kimberley Bird,https://orcid.org/,Michael Cunliffe,https://orcid.org/0000-0002-6716-3555,Y,NA,NA,NA,NA,NA,NA,NA,NA,EMOBON_MBAL4_Wa_30
EMO BON MBAL4 Wa 220427 3µm (1),EMOBON metagenome water sample from station MBAL4 collected on 2022-04-27 size fraction 3-200um,1874687,marine plankton metagenome,metagenome,seawater [ENVO:00002149]; coastal sea water [ENVO:00002150]; surface water [ENVO:00002042],2022-04-27 00:00:00,MBAL4_Wa_220427,"Rachel Britton, Mitchell Brenen, Sean McTierney",,ebb_tide,,1,1,20,4.5,3-200,3,200,Y,Niskin,WaSOP 1,"4.5 mL cryotubes, 4 mL DNA/RNA shield, vacuum pump",2022-04-27 00:00:00,shipped,-80,Kimberley Bird,https://orcid.org/,Michael Cunliffe,https://orcid.org/0000-0002-6716-3555,N,2022-10-10 00:00:00,2022-10-15 00:00:00,-70,2023-06-01 00:00:00,2023-06-01 00:00:00,NA,NA,NA,EMOBON_MBAL4_Wa_31
EMO BON MBAL4 Wa 220427 3µm (2),EMOBON metagenome water sample from station MBAL4 collected on 2022-04-27 size fraction 3-200um,1874687,marine plankton metagenome,metagenome,seawater [ENVO:00002149]; coastal sea water [ENVO:00002150]; surface water [ENVO:00002042],2022-04-27 00:00:00,MBAL4_Wa_220427,"Rachel Britton, Mitchell Brenen, Sean McTierney",,ebb_tide,,1,2,20,4.5,3-200,3,200,Y,Niskin,WaSOP 1,"4.5 mL cryotubes, 4 mL DNA/RNA shield, vacuum pump",2022-04-27 00:00:00,shipped,-80,Kimberley Bird,https://orcid.org/,Michael Cunliffe,https://orcid.org/0000-0002-6716-3555,N,2022-10-10 00:00:00,2022-10-15 00:00:00,-70,2023-06-01 00:00:00,2023-06-01 00:00:00,NA,NA,NA,EMOBON_MBAL4_Wa_32
EMO BON MBAL4 Wa 220427 0.2µm (1),EMOBON metagenome water sample from station MBAL4 collected on 2022-04-27 size fraction 0.2-3um,1874687,marine plankton metagenome,metagenome,seawater [ENVO:00002149]; coastal sea water [ENVO:00002150]; surface water [ENVO:00002042],2022-04-27 00:00:00,MBAL4_Wa_220427,"Rachel Britton, Mitchell Brenen, Sean McTierney",,ebb_tide,,1,1,20,4.5,0.2-3,0.2,3,Y,Niskin,WaSOP 1,"4.5 mL cryotubes, 4 mL DNA/RNA shield, vacuum pump",2022-04-27 00:00:00,shipped,-80,Kimberley Bird,https://orcid.org/,Michael Cunliffe,https://orcid.org/0000-0002-6716-3555,N,2022-10-10 00:00:00,2022-10-15 00:00:00,-70,2023-06-01 00:00:00,2023-06-01 00:00:00,NA,NA,NA,EMOBON_MBAL4_Wa_33
EMO BON MBAL4 Wa 220427 0.2µm (2),EMOBON metagenome water sample from station MBAL4 collected on 2022-04-27 size fraction 0.2-3um,1874687,marine plankton metagenome,metagenome,seawater [ENVO:00002149]; coastal sea water [ENVO:00002150]; surface water [ENVO:00002042],2022-04-27 00:00:00,MBAL4_Wa_220427,"Rachel Britton, Mitchell Brenen, Sean McTierney",,ebb_tide,,1,2,20,4.5,0.2-3,0.2,3,Y,Niskin,WaSOP 1,"4.5 mL cryotubes, 4 mL DNA/RNA shield, vacuum pump",2022-04-27 00:00:00,shipped,-80,Kimberley Bird,https://orcid.org/,Michael Cunliffe,https://orcid.org/0000-0002-6716-3555,N,2022-10-10 00:00:00,2022-10-15 00:00:00,-70,2023-06-01 00:00:00,2023-06-01 00:00:00,NA,NA,NA,EMOBON_MBAL4_Wa_34
EMO BON MBAL4 Wa 220427 3µm (3),EMOBON metagenome water sample from station MBAL4 collected on 2022-04-27 size fraction 3-200um,1874687,marine plankton metagenome,metagenome,seawater [ENVO:00002149]; coastal sea water [ENVO:00002150]; surface water [ENVO:00002042],2022-04-27 00:00:00,MBAL4_Wa_220427,"Rachel Britton, Mitchell Brenen, Sean McTierney",,ebb_tide,,1,3,20,6.5,3-200,3,200,Y,Niskin,WaSOP 1,"4.5 mL cryotubes, vacuum pump",2022-04-27 00:00:00,Cell and Molec chest Tower A1,-80,Kimberley Bird,https://orcid.org/,Michael Cunliffe,https://orcid.org/0000-0002-6716-3555,Y,NA,NA,NA,NA,NA,NA,NA,NA,EMOBON_MBAL4_Wa_35
EMO BON MBAL4 Wa 220427 3µm (4),EMOBON metagenome water sample from station MBAL4 collected on 2022-04-27 size fraction 3-200um,1874687,marine plankton metagenome,metagenome,seawater [ENVO:00002149]; coastal sea water [ENVO:00002150]; surface water [ENVO:00002042],2022-04-27 00:00:00,MBAL4_Wa_220427,"Rachel Britton, Mitchell Brenen, Sean McTierney",,ebb_tide,,1,4,20,6.5,3-200,3,200,Y,Niskin,WaSOP 1,"4.5 mL cryotubes, vacuum pump",2022-04-27 00:00:00,Cell and Molec chest Tower A1,-80,Kimberley Bird,https://orcid.org/,Michael Cunliffe,https://orcid.org/0000-0002-6716-3555,Y,NA,NA,NA,NA,NA,NA,NA,NA,EMOBON_MBAL4_Wa_36
EMO BON MBAL4 Wa 220427 0.2µm (3),EMOBON metagenome water sample from station MBAL4 collected on 2022-04-27 size fraction 0.2-3um,1874687,marine plankton metagenome,metagenome,seawater [ENVO:00002149]; coastal sea water [ENVO:00002150]; surface water [ENVO:00002042],2022-04-27 00:00:00,MBAL4_Wa_220427,"Rachel Britton, Mitchell Brenen, Sean McTierney",,ebb_tide,,1,3,20,6.5,0.2-3,0.2,3,Y,Niskin,WaSOP 1,"4.5 mL cryotubes, vacuum pump",2022-04-27 00:00:00,Cell and Molec chest Tower A1,-80,Kimberley Bird,https://orcid.org/,Michael Cunliffe,https://orcid.org/0000-0002-6716-3555,Y,NA,NA,NA,NA,NA,NA,NA,NA,EMOBON_MBAL4_Wa_37
EMO BON MBAL4 Wa 220427 0.2µm (4),EMOBON metagenome water sample from station MBAL4 collected on 2022-04-27 size fraction 0.2-3um,1874687,marine plankton metagenome,metagenome,seawater [ENVO:00002149]; coastal sea water [ENVO:00002150]; surface water [ENVO:00002042],2022-04-27 00:00:00,MBAL4_Wa_220427,"Rachel Britton, Mitchell Brenen, Sean McTierney",,ebb_tide,,1,4,20,6.5,0.2-3,0.2,3,Y,Niskin,WaSOP 1,"4.5 mL cryotubes, vacuum pump",2022-04-27 00:00:00,Cell and Molec chest Tower A1,-80,Kimberley Bird,https://orcid.org/,Michael Cunliffe,https://orcid.org/0000-0002-6716-3555,Y,NA,NA,NA,NA,NA,NA,NA,NA,EMOBON_MBAL4_Wa_38
EMO BON MBAL4 Wa 220427 3µm (blank),EMOBON metagenome water sample from station MBAL4 collected on 2022-04-27 size fraction 3um,256318,metagenome,metagenome,MilliQ water [ENVO:00003065],2022-04-27 00:00:00,MBAL4_Wa_220427,NA,NA,NA,,NA,blank_1,20,0,3,,3,N,NA,WaSOP 1,"4.5 mL cryotubes, 4 mL DNA/RNA shield, vacuum pump",2022-04-27 00:00:00,shipped,-80,Kimberley Bird,https://orcid.org/,Michael Cunliffe,https://orcid.org/0000-0002-6716-3555,N,2022-10-10 00:00:00,2022-10-15 00:00:00,-70,2023-06-01 00:00:00,2023-06-01 00:00:00,NA,NA,NA,EMOBON_MBAL4_Wa_39
EMO BON MBAL4 Wa 220427 0.2µm (blank),EMOBON metagenome water sample from station MBAL4 collected on 2022-04-27 size fraction 0.2-3um,256318,metagenome,metagenome,MilliQ water [ENVO:00003065],2022-04-27 00:00:00,MBAL4_Wa_220427,NA,NA,NA,,NA,blank_1,20,0,0.2-3,0.2,3,N,NA,WaSOP 1,"4.5 mL cryotubes, 4 mL DNA/RNA shield, vacuum pump",2022-04-27 00:00:00,shipped,-80,Kimberley Bird,https://orcid.org/,Michael Cunliffe,https://orcid.org/0000-0002-6716-3555,N,2022-10-10 00:00:00,2022-10-15 00:00:00,-70,2023-06-01 00:00:00,2023-06-01 00:00:00,NA,NA,NA,EMOBON_MBAL4_Wa_40
EMO BON MBAL4 Wa 220616 3µm (1),EMOBON metagenome water sample from station MBAL4 collected on 2022-06-16 size fraction 3-200um,1874687,marine plankton metagenome,metagenome,seawater [ENVO:00002149]; coastal sea water [ENVO:00002150]; surface water [ENVO:00002042],2022-06-16 00:00:00,MBAL4_Wa_220616,"Michaela Buchbauer,  Mitchell Brenen, Sean McTierney",,high_tide,,1,1,20,4,3-200,3,200,Y,Niskin,WaSOP 1,"4.5 mL cryotubes, 4 mL DNA/RNA shield, vacuum pump",2022-06-16 00:00:00,shipped,-80,Kimberley Bird,https://orcid.org/,Michael Cunliffe,https://orcid.org/0000-0002-6716-3555,N,2022-10-10 00:00:00,2022-10-15 00:00:00,-70,2023-06-01 00:00:00,2023-06-01 00:00:00,NA,NA,NA,EMOBON_MBAL4_Wa_41
EMO BON MBAL4 Wa 220616 3µm (2),EMOBON metagenome water sample from station MBAL4 collected on 2022-06-16 size fraction 3-200um,1874687,marine plankton metagenome,metagenome,seawater [ENVO:00002149]; coastal sea water [ENVO:00002150]; surface water [ENVO:00002042],2022-06-16 00:00:00,MBAL4_Wa_220616,"Michaela Buchbauer,  Mitchell Brenen, Sean McTierney",,high_tide,,1,2,20,4,3-200,3,200,Y,Niskin,WaSOP 1,"4.5 mL cryotubes, 4 mL DNA/RNA shield, vacuum pump",2022-06-16 00:00:00,shipped,-80,Kimberley Bird,https://orcid.org/,Michael Cunliffe,https://orcid.org/0000-0002-6716-3555,N,2022-10-10 00:00:00,2022-10-15 00:00:00,-70,2023-06-01 00:00:00,2023-06-01 00:00:00,NA,NA,NA,EMOBON_MBAL4_Wa_42
EMO BON MBAL4 Wa 220616 0.2µm (1),EMOBON metagenome water sample from station MBAL4 collected on 2022-06-16 size fraction 0.2-3um,1874687,marine plankton metagenome,metagenome,seawater [ENVO:00002149]; coastal sea water [ENVO:00002150]; surface water [ENVO:00002042],2022-06-16 00:00:00,MBAL4_Wa_220616,"Michaela Buchbauer,  Mitchell Brenen, Sean McTierney",,high_tide,,1,1,20,4,0.2-3,0.2,3,Y,Niskin,WaSOP 1,"4.5 mL cryotubes, 4 mL DNA/RNA shield, vacuum pump",2022-06-16 00:00:00,shipped,-80,Kimberley Bird,https://orcid.org/,Michael Cunliffe,https://orcid.org/0000-0002-6716-3555,N,2022-10-10 00:00:00,2022-10-15 00:00:00,-70,2023-06-01 00:00:00,2023-06-01 00:00:00,NA,NA,NA,EMOBON_MBAL4_Wa_43
EMO BON MBAL4 Wa 220616 0.2µm (2),EMOBON metagenome water sample from station MBAL4 collected on 2022-06-16 size fraction 0.2-3um,1874687,marine plankton metagenome,metagenome,seawater [ENVO:00002149]; coastal sea water [ENVO:00002150]; surface water [ENVO:00002042],2022-06-16 00:00:00,MBAL4_Wa_220616,"Michaela Buchbauer,  Mitchell Brenen, Sean McTierney",,high_tide,,1,2,20,4,0.2-3,0.2,3,Y,Niskin,WaSOP 1,"4.5 mL cryotubes, 4 mL DNA/RNA shield, vacuum pump",2022-06-16 00:00:00,shipped,-80,Kimberley Bird,https://orcid.org/,Michael Cunliffe,https://orcid.org/0000-0002-6716-3555,N,2022-10-10 00:00:00,2022-10-15 00:00:00,-70,2023-06-01 00:00:00,2023-06-01 00:00:00,NA,NA,NA,EMOBON_MBAL4_Wa_44
EMO BON MBAL4 Wa 220616 3µm (3),EMOBON metagenome water sample from station MBAL4 collected on 2022-06-16 size fraction 3-200um,1874687,marine plankton metagenome,metagenome,seawater [ENVO:00002149]; coastal sea water [ENVO:00002150]; surface water [ENVO:00002042],2022-06-16 00:00:00,MBAL4_Wa_220616,"Michaela Buchbauer,  Mitchell Brenen, Sean McTierney",,high_tide,,1,3,20,5,3-200,3,200,Y,Niskin,WaSOP 1,"4.5 mL cryotubes, vacuum pump",2022-06-16 00:00:00,Cell and Molec chest Tower A2,-80,Kimberley Bird,https://orcid.org/,Michael Cunliffe,https://orcid.org/0000-0002-6716-3555,Y,NA,NA,NA,NA,NA,NA,NA,NA,EMOBON_MBAL4_Wa_45
EMO BON MBAL4 Wa 220616 3µm (4),EMOBON metagenome water sample from station MBAL4 collected on 2022-06-16 size fraction 3-200um,1874687,marine plankton metagenome,metagenome,seawater [ENVO:00002149]; coastal sea water [ENVO:00002150]; surface water [ENVO:00002042],2022-06-16 00:00:00,MBAL4_Wa_220616,"Michaela Buchbauer,  Mitchell Brenen, Sean McTierney",,high_tide,,1,4,20,5,3-200,3,200,Y,Niskin,WaSOP 1,"4.5 mL cryotubes, vacuum pump",2022-06-16 00:00:00,Cell and Molec chest Tower A2,-80,Kimberley Bird,https://orcid.org/,Michael Cunliffe,https://orcid.org/0000-0002-6716-3555,Y,NA,NA,NA,NA,NA,NA,NA,NA,EMOBON_MBAL4_Wa_46
EMO BON MBAL4 Wa 220616 0.2µm (3),EMOBON metagenome water sample from station MBAL4 collected on 2022-06-16 size fraction 0.2-3um,1874687,marine plankton metagenome,metagenome,seawater [ENVO:00002149]; coastal sea water [ENVO:00002150]; surface water [ENVO:00002042],2022-06-16 00:00:00,MBAL4_Wa_220616,"Michaela Buchbauer,  Mitchell Brenen, Sean McTierney",,high_tide,,1,3,20,5,0.2-3,0.2,3,Y,Niskin,WaSOP 1,"4.5 mL cryotubes, vacuum pump",2022-06-16 00:00:00,Cell and Molec chest Tower A2,-80,Kimberley Bird,https://orcid.org/,Michael Cunliffe,https://orcid.org/0000-0002-6716-3555,Y,NA,NA,NA,NA,NA,NA,NA,NA,EMOBON_MBAL4_Wa_47
EMO BON MBAL4 Wa 220616 0.2µm (4),EMOBON metagenome water sample from station MBAL4 collected on 2022-06-16 size fraction 0.2-3um,1874687,marine plankton metagenome,metagenome,seawater [ENVO:00002149]; coastal sea water [ENVO:00002150]; surface water [ENVO:00002042],2022-06-16 00:00:00,MBAL4_Wa_220616,"Michaela Buchbauer,  Mitchell Brenen, Sean McTierney",,high_tide,,1,4,20,5,0.2-3,0.2,3,Y,Niskin,WaSOP 1,"4.5 mL cryotubes, vacuum pump",2022-06-16 00:00:00,Cell and Molec chest Tower A2,-80,Kimberley Bird,https://orcid.org/,Michael Cunliffe,https://orcid.org/0000-0002-6716-3555,Y,NA,NA,NA,NA,NA,NA,NA,NA,EMOBON_MBAL4_Wa_48
EMO BON MBAL4 Wa 220616 3µm (blank),EMOBON metagenome water sample from station MBAL4 collected on 2022-06-16 size fraction 3um,256318,metagenome,metagenome,MilliQ water [ENVO:00003065],2022-06-16 00:00:00,MBAL4_Wa_220616,NA,NA,NA,,NA,blank_1,20,0,3,3,,N,NA,WaSOP 1,"4.5 mL cryotubes, 4 mL DNA/RNA shield, vacuum pump",2022-06-16 00:00:00,Cell and Molec chest Tower A2,-80,Kimberley Bird,https://orcid.org/,Michael Cunliffe,https://orcid.org/0000-0002-6716-3555,Y,NA,NA,NA,NA,NA,NA,NA,NA,EMOBON_MBAL4_Wa_49
EMO BON MBAL4 Wa 220616 0.2µm (blank),EMOBON metagenome water sample from station MBAL4 collected on 2022-06-16 size fraction 0.2-3um,256318,metagenome,metagenome,MilliQ water [ENVO:00003065],2022-06-16 00:00:00,MBAL4_Wa_220616,NA,NA,NA,,NA,blank_1,20,0,0.2-3,0.2,3,N,NA,WaSOP 1,"4.5 mL cryotubes, 4 mL DNA/RNA shield, vacuum pump",2022-06-16 00:00:00,Cell and Molec chest Tower A2,-80,Kimberley Bird,https://orcid.org/,Michael Cunliffe,https://orcid.org/0000-0002-6716-3555,Y,NA,NA,NA,NA,NA,NA,NA,NA,EMOBON_MBAL4_Wa_50
EMO BON MBAL4 Wa 220912 3µm (1),EMOBON metagenome water sample from station MBAL4 collected on 2022-09-12 size fraction 3-200um,1874687,marine plankton metagenome,metagenome,seawater [ENVO:00002149]; coastal sea water [ENVO:00002150]; surface water [ENVO:00002042],2022-09-12 00:00:00,MBAL4_Wa_220912,"Michaela Buchbauer,  Mitchell Brenen, Sean McTierney",,ebb_tide,,1,1,20,4.25,3-200,3,200,Y,Niskin,WaSOP 1,"4.5 mL cryotubes, 4 mL DNA/RNA shield, vacuum pump",2022-09-12 00:00:00,shipped,-80,Kimberley Bird,https://orcid.org/,Michael Cunliffe,https://orcid.org/0000-0002-6716-3555,N,2022-10-10 00:00:00,2022-10-15 00:00:00,-70,2023-06-01 00:00:00,2023-06-01 00:00:00,NA,NA,NA,EMOBON_MBAL4_Wa_51
EMO BON MBAL4 Wa 220912 3µm (2),EMOBON metagenome water sample from station MBAL4 collected on 2022-09-12 size fraction 3-200um,1874687,marine plankton metagenome,metagenome,seawater [ENVO:00002149]; coastal sea water [ENVO:00002150]; surface water [ENVO:00002042],2022-09-12 00:00:00,MBAL4_Wa_220912,"Michaela Buchbauer,  Mitchell Brenen, Sean McTierney",,ebb_tide,,1,2,20,4.25,3-200,3,200,Y,Niskin,WaSOP 1,"4.5 mL cryotubes, 4 mL DNA/RNA shield, vacuum pump",2022-09-12 00:00:00,shipped,-80,Kimberley Bird,https://orcid.org/,Michael Cunliffe,https://orcid.org/0000-0002-6716-3555,N,2022-10-10 00:00:00,2022-10-15 00:00:00,-70,2023-06-01 00:00:00,2023-06-01 00:00:00,NA,NA,NA,EMOBON_MBAL4_Wa_52
EMO BON MBAL4 Wa 220912 0.2µm (1),EMOBON metagenome water sample from station MBAL4 collected on 2022-09-12 size fraction 0.2-3um,1874687,marine plankton metagenome,metagenome,seawater [ENVO:00002149]; coastal sea water [ENVO:00002150]; surface water [ENVO:00002042],2022-09-12 00:00:00,MBAL4_Wa_220912,"Michaela Buchbauer,  Mitchell Brenen, Sean McTierney",,ebb_tide,,1,1,20,4.25,0.2-3,0.2,3,Y,Niskin,WaSOP 1,"4.5 mL cryotubes, 4 mL DNA/RNA shield, vacuum pump",2022-09-12 00:00:00,shipped,-80,Kimberley Bird,https://orcid.org/,Michael Cunliffe,https://orcid.org/0000-0002-6716-3555,N,2022-10-10 00:00:00,2022-10-15 00:00:00,-70,2023-06-01 00:00:00,2023-06-01 00:00:00,NA,NA,NA,EMOBON_MBAL4_Wa_53
EMO BON MBAL4 Wa 220912 0.2µm (2),EMOBON metagenome water sample from station MBAL4 collected on 2022-09-12 size fraction 0.2-3um,1874687,marine plankton metagenome,metagenome,seawater [ENVO:00002149]; coastal sea water [ENVO:00002150]; surface water [ENVO:00002042],2022-09-12 00:00:00,MBAL4_Wa_220912,"Michaela Buchbauer,  Mitchell Brenen, Sean McTierney",,ebb_tide,,1,2,20,4.25,0.2-3,0.2,3,Y,Niskin,WaSOP 1,"4.5 mL cryotubes, 4 mL DNA/RNA shield, vacuum pump",2022-09-12 00:00:00,shipped,-80,Kimberley Bird,https://orcid.org/,Michael Cunliffe,https://orcid.org/0000-0002-6716-3555,N,2022-10-10 00:00:00,2022-10-15 00:00:00,-70,2023-06-01 00:00:00,2023-06-01 00:00:00,NA,NA,NA,EMOBON_MBAL4_Wa_54
EMO BON MBAL4 Wa 220912 3µm (3),EMOBON metagenome water sample from station MBAL4 collected on 2022-09-12 size fraction 3-200um,1874687,marine plankton metagenome,metagenome,seawater [ENVO:00002149]; coastal sea water [ENVO:00002150]; surface water [ENVO:00002042],2022-09-12 00:00:00,MBAL4_Wa_220912,"Michaela Buchbauer,  Mitchell Brenen, Sean McTierney",,ebb_tide,,1,3,20,6,3-200,3,200,Y,Niskin,WaSOP 1,"4.5 mL cryotubes, vacuum pump",2022-09-12 00:00:00,Cell and Molec chest Tower A2,-80,Kimberley Bird,https://orcid.org/,Michael Cunliffe,https://orcid.org/0000-0002-6716-3555,Y,NA,NA,NA,NA,NA,NA,NA,NA,EMOBON_MBAL4_Wa_55
EMO BON MBAL4 Wa 220912 3µm (4),EMOBON metagenome water sample from station MBAL4 collected on 2022-09-12 size fraction 3-200um,1874687,marine plankton metagenome,metagenome,seawater [ENVO:00002149]; coastal sea water [ENVO:00002150]; surface water [ENVO:00002042],2022-09-12 00:00:00,MBAL4_Wa_220912,"Michaela Buchbauer,  Mitchell Brenen, Sean McTierney",,ebb_tide,,1,4,20,6,3-200,3,200,Y,Niskin,WaSOP 1,"4.5 mL cryotubes, vacuum pump",2022-09-12 00:00:00,Cell and Molec chest Tower A2,-80,Kimberley Bird,https://orcid.org/,Michael Cunliffe,https://orcid.org/0000-0002-6716-3555,Y,NA,NA,NA,NA,NA,NA,NA,NA,EMOBON_MBAL4_Wa_56
EMO BON MBAL4 Wa 220912 0.2µm (3),EMOBON metagenome water sample from station MBAL4 collected on 2022-09-12 size fraction 0.2-3um,1874687,marine plankton metagenome,metagenome,seawater [ENVO:00002149]; coastal sea water [ENVO:00002150]; surface water [ENVO:00002042],2022-09-12 00:00:00,MBAL4_Wa_220912,"Michaela Buchbauer,  Mitchell Brenen, Sean McTierney",,ebb_tide,,1,3,20,6,0.2-3,0.2,3,Y,Niskin,WaSOP 1,"4.5 mL cryotubes, vacuum pump",2022-09-12 00:00:00,Cell and Molec chest Tower A2,-80,Kimberley Bird,https://orcid.org/,Michael Cunliffe,https://orcid.org/0000-0002-6716-3555,Y,NA,NA,NA,NA,NA,NA,NA,NA,EMOBON_MBAL4_Wa_57
EMO BON MBAL4 Wa 220912 0.2µm (4),EMOBON metagenome water sample from station MBAL4 collected on 2022-09-12 size fraction 0.2-3um,1874687,marine plankton metagenome,metagenome,seawater [ENVO:00002149]; coastal sea water [ENVO:00002150]; surface water [ENVO:00002042],2022-09-12 00:00:00,MBAL4_Wa_220912,"Michaela Buchbauer,  Mitchell Brenen, Sean McTierney",,ebb_tide,,1,4,20,6,0.2-3,0.2,3,Y,Niskin,WaSOP 1,"4.5 mL cryotubes, vacuum pump",2022-09-12 00:00:00,Cell and Molec chest Tower A2,-80,Kimberley Bird,https://orcid.org/,Michael Cunliffe,https://orcid.org/0000-0002-6716-3555,Y,NA,NA,NA,NA,NA,NA,NA,NA,EMOBON_MBAL4_Wa_58
EMO BON MBAL4 Wa 220912 3µm (blank),EMOBON metagenome water sample from station MBAL4 collected on 2022-09-12 size fraction 3um,256318,metagenome,metagenome,MilliQ water [ENVO:00003065],2022-09-12 00:00:00,MBAL4_Wa_220912,NA,NA,NA,,NA,blank_1,20,0,3,,3,N,NA,WaSOP 1,"4.5 mL cryotubes, 4 mL DNA/RNA shield, vacuum pump",2022-09-12 00:00:00,Cell and Molec chest Tower A2,-80,Kimberley Bird,https://orcid.org/,Michael Cunliffe,https://orcid.org/0000-0002-6716-3555,Y,NA,NA,NA,NA,NA,NA,NA,NA,EMOBON_MBAL4_Wa_59
EMO BON MBAL4 Wa 220912 0.2µm (blank),EMOBON metagenome water sample from station MBAL4 collected on 2022-09-12 size fraction 0.2-3um,256318,metagenome,metagenome,MilliQ water [ENVO:00003065],2022-09-12 00:00:00,MBAL4_Wa_220912,NA,NA,NA,,NA,blank_1,20,0,0.2-3,0.2,3,N,NA,WaSOP 1,"4.5 mL cryotubes, 4 mL DNA/RNA shield, vacuum pump",2022-09-12 00:00:00,Cell and Molec chest Tower A2,-80,Kimberley Bird,https://orcid.org/,Michael Cunliffe,https://orcid.org/0000-0002-6716-3555,Y,NA,NA,NA,NA,NA,NA,NA,NA,EMOBON_MBAL4_Wa_60
EMO BON MBAL4 Wa 221114 3µm (1),EMOBON metagenome water sample from station MBAL4 collected on 2022-11-14 size fraction 3-200um,1874687,marine plankton metagenome,metagenome,seawater [ENVO:00002149]; coastal sea water [ENVO:00002150]; surface water [ENVO:00002042],2022-11-14 00:00:00,MBAL4_Wa_221114,"Michaela Buchbauer,  Mitchell Brenen, Sean McTierney",,high_tide,,1,1,20,5.75,3-200,3,200,Y,Niskin,WaSOP 1,"4.5 mL cryotubes, 4 mL DNA/RNA shield, vacuum pump",2022-11-14 00:00:00,shipped,-80,Kimberley Bird,https://orcid.org/,Michael Cunliffe,https://orcid.org/0000-0002-6716-3555,N,2023-06-12 00:00:00,2023-06-15 00:00:00,-70,NA,NA,NA,NA,NA,EMOBON_MBAL4_Wa_61
EMO BON MBAL4 Wa 221114 3µm (2),EMOBON metagenome water sample from station MBAL4 collected on 2022-11-14 size fraction 3-200um,1874687,marine plankton metagenome,metagenome,seawater [ENVO:00002149]; coastal sea water [ENVO:00002150]; surface water [ENVO:00002042],2022-11-14 00:00:00,MBAL4_Wa_221114,"Michaela Buchbauer,  Mitchell Brenen, Sean McTierney",,high_tide,,1,2,20,5.75,3-200,3,200,Y,Niskin,WaSOP 1,"4.5 mL cryotubes, 4 mL DNA/RNA shield, vacuum pump",2022-11-14 00:00:00,shipped,-80,Kimberley Bird,https://orcid.org/,Michael Cunliffe,https://orcid.org/0000-0002-6716-3555,N,2023-06-12 00:00:00,2023-06-15 00:00:00,-70,NA,NA,NA,NA,NA,EMOBON_MBAL4_Wa_62
EMO BON MBAL4 Wa 221114 0.2µm (1),EMOBON metagenome water sample from station MBAL4 collected on 2022-11-14 size fraction 0.2-3um,1874687,marine plankton metagenome,metagenome,seawater [ENVO:00002149]; coastal sea water [ENVO:00002150]; surface water [ENVO:00002042],2022-11-14 00:00:00,MBAL4_Wa_221114,"Michaela Buchbauer,  Mitchell Brenen, Sean McTierney",,high_tide,,1,1,20,5.75,0.2-3,0.2,3,Y,Niskin,WaSOP 1,"4.5 mL cryotubes, 4 mL DNA/RNA shield, vacuum pump",2022-11-14 00:00:00,shipped,-80,Kimberley Bird,https://orcid.org/,Michael Cunliffe,https://orcid.org/0000-0002-6716-3555,N,2023-06-12 00:00:00,2023-06-15 00:00:00,-70,NA,NA,NA,NA,NA,EMOBON_MBAL4_Wa_63
EMO BON MBAL4 Wa 221114 0.2µm (2),EMOBON metagenome water sample from station MBAL4 collected on 2022-11-14 size fraction 0.2-3um,1874687,marine plankton metagenome,metagenome,seawater [ENVO:00002149]; coastal sea water [ENVO:00002150]; surface water [ENVO:00002042],2022-11-14 00:00:00,MBAL4_Wa_221114,"Michaela Buchbauer,  Mitchell Brenen, Sean McTierney",,high_tide,,1,2,20,5.75,0.2-3,0.2,3,Y,Niskin,WaSOP 1,"4.5 mL cryotubes, 4 mL DNA/RNA shield, vacuum pump",2022-11-14 00:00:00,shipped,-80,Kimberley Bird,https://orcid.org/,Michael Cunliffe,https://orcid.org/0000-0002-6716-3555,N,2023-06-12 00:00:00,2023-06-15 00:00:00,-70,NA,NA,NA,NA,NA,EMOBON_MBAL4_Wa_64
EMO BON MBAL4 Wa 221114 3µm (3),EMOBON metagenome water sample from station MBAL4 collected on 2022-11-14 size fraction 3-200um,1874687,marine plankton metagenome,metagenome,seawater [ENVO:00002149]; coastal sea water [ENVO:00002150]; surface water [ENVO:00002042],2022-11-14 00:00:00,MBAL4_Wa_221114,"Michaela Buchbauer,  Mitchell Brenen, Sean McTierney",,high_tide,,1,3,20,7,3-200,3,200,Y,Niskin,WaSOP 1,"4.5 mL cryotubes, vacuum pump",2022-11-14 00:00:00,Cell and Molec chest Tower A2,-80,Kimberley Bird,https://orcid.org/,Michael Cunliffe,https://orcid.org/0000-0002-6716-3555,Y,NA,NA,NA,NA,NA,NA,NA,NA,EMOBON_MBAL4_Wa_65
EMO BON MBAL4 Wa 221114 3µm (4),EMOBON metagenome water sample from station MBAL4 collected on 2022-11-14 size fraction 3-200um,1874687,marine plankton metagenome,metagenome,seawater [ENVO:00002149]; coastal sea water [ENVO:00002150]; surface water [ENVO:00002042],2022-11-14 00:00:00,MBAL4_Wa_221114,"Michaela Buchbauer,  Mitchell Brenen, Sean McTierney",,high_tide,,1,4,20,7,3-200,3,200,Y,Niskin,WaSOP 1,"4.5 mL cryotubes, vacuum pump",2022-11-14 00:00:00,Cell and Molec chest Tower A2,-80,Kimberley Bird,https://orcid.org/,Michael Cunliffe,https://orcid.org/0000-0002-6716-3555,Y,NA,NA,NA,NA,NA,NA,NA,NA,EMOBON_MBAL4_Wa_66
EMO BON MBAL4 Wa 221114 0.2µm (3),EMOBON metagenome water sample from station MBAL4 collected on 2022-11-14 size fraction 0.2-3um,1874687,marine plankton metagenome,metagenome,seawater [ENVO:00002149]; coastal sea water [ENVO:00002150]; surface water [ENVO:00002042],2022-11-14 00:00:00,MBAL4_Wa_221114,"Michaela Buchbauer,  Mitchell Brenen, Sean McTierney",,high_tide,,1,3,20,7,0.2-3,0.2,3,Y,Niskin,WaSOP 1,"4.5 mL cryotubes, vacuum pump",2022-11-14 00:00:00,Cell and Molec chest Tower A2,-80,Kimberley Bird,https://orcid.org/,Michael Cunliffe,https://orcid.org/0000-0002-6716-3555,Y,NA,NA,NA,NA,NA,NA,NA,NA,EMOBON_MBAL4_Wa_67
EMO BON MBAL4 Wa 221114 0.2µm (4),EMOBON metagenome water sample from station MBAL4 collected on 2022-11-14 size fraction 0.2-3um,1874687,marine plankton metagenome,metagenome,seawater [ENVO:00002149]; coastal sea water [ENVO:00002150]; surface water [ENVO:00002042],2022-11-14 00:00:00,MBAL4_Wa_221114,"Michaela Buchbauer,  Mitchell Brenen, Sean McTierney",,high_tide,,1,4,20,7,0.2-3,0.2,3,Y,Niskin,WaSOP 1,"4.5 mL cryotubes, vacuum pump",2022-11-14 00:00:00,Cell and Molec chest Tower A2,-80,Kimberley Bird,https://orcid.org/,Michael Cunliffe,https://orcid.org/0000-0002-6716-3555,Y,NA,NA,NA,NA,NA,NA,NA,NA,EMOBON_MBAL4_Wa_68
EMO BON MBAL4 Wa 221114 3µm (blank),EMOBON metagenome water sample from station MBAL4 collected on 2022-11-14 size fraction 3um,256318,metagenome,metagenome,MilliQ water [ENVO:00003065],2022-11-14 00:00:00,MBAL4_Wa_221114,NA,NA,NA,,NA,blank_1,20,0,3,3,,N,NA,WaSOP 1,"4.5 mL cryotubes, 4 mL DNA/RNA shield, vacuum pump",2022-11-14 00:00:00,Cell and Molec chest Tower A2,-80,Kimberley Bird,https://orcid.org/,Michael Cunliffe,https://orcid.org/0000-0002-6716-3555,Y,NA,NA,NA,NA,NA,NA,NA,NA,EMOBON_MBAL4_Wa_69
EMO BON MBAL4 Wa 221114 0.2µm (blank),EMOBON metagenome water sample from station MBAL4 collected on 2022-11-14 size fraction 0.2-3um,256318,metagenome,metagenome,MilliQ water [ENVO:00003065],2022-11-14 00:00:00,MBAL4_Wa_221114,NA,NA,NA,,NA,blank_1,20,0,0.2-3,0.2,3,N,NA,WaSOP 1,"4.5 mL cryotubes, 4 mL DNA/RNA shield, vacuum pump",2022-11-14 00:00:00,Cell and Molec chest Tower A2,-80,Kimberley Bird,https://orcid.org/,Michael Cunliffe,https://orcid.org/0000-0002-6716-3555,Y,NA,NA,NA,NA,NA,NA,NA,NA,EMOBON_MBAL4_Wa_70
EMO BON MBAL4 Wa 230123 3µm (1),EMOBON metagenome water sample from station MBAL4 collected on 2023-01-23 size fraction 3-200um,1874687,marine plankton metagenome,metagenome,seawater [ENVO:00002149]; coastal sea water [ENVO:00002150]; surface water [ENVO:00002042],2023-01-23 00:00:00,MBAL4_Wa_230123,"Michaela Buchbauer,  Mitchell Brenen, Sean McTierney",,ebb_tide,,1,1,20,5.25,3-200,3,200,Y,Niskin,WaSOP 1,"4.5 mL cryotubes, 4 mL DNA/RNA shield, vacuum pump",2023-01-23 00:00:00,shipped,-80,Kimberley Bird,https://orcid.org/,Michael Cunliffe,https://orcid.org/0000-0002-6716-3555,N,2023-06-12 00:00:00,2023-06-15 00:00:00,-70,NA,NA,NA,NA,NA,EMOBON_MBAL4_Wa_71
EMO BON MBAL4 Wa 230123 3µm (2),EMOBON metagenome water sample from station MBAL4 collected on 2023-01-23 size fraction 3-200um,1874687,marine plankton metagenome,metagenome,seawater [ENVO:00002149]; coastal sea water [ENVO:00002150]; surface water [ENVO:00002042],2023-01-23 00:00:00,MBAL4_Wa_230123,"Michaela Buchbauer,  Mitchell Brenen, Sean McTierney",,ebb_tide,,1,2,20,5.25,3-200,3,200,Y,Niskin,WaSOP 1,"4.5 mL cryotubes, 4 mL DNA/RNA shield, vacuum pump",2023-01-23 00:00:00,shipped,-80,Kimberley Bird,https://orcid.org/,Michael Cunliffe,https://orcid.org/0000-0002-6716-3555,N,2023-06-12 00:00:00,2023-06-15 00:00:00,-70,NA,NA,NA,NA,NA,EMOBON_MBAL4_Wa_72
EMO BON MBAL4 Wa 230123 0.2µm (1),EMOBON metagenome water sample from station MBAL4 collected on 2023-01-23 size fraction 0.2-3um,1874687,marine plankton metagenome,metagenome,seawater [ENVO:00002149]; coastal sea water [ENVO:00002150]; surface water [ENVO:00002042],2023-01-23 00:00:00,MBAL4_Wa_230123,"Michaela Buchbauer,  Mitchell Brenen, Sean McTierney",,ebb_tide,,1,1,20,5.25,0.2-3,0.2,3,Y,Niskin,WaSOP 1,"4.5 mL cryotubes, 4 mL DNA/RNA shield, vacuum pump",2023-01-23 00:00:00,shipped,-80,Kimberley Bird,https://orcid.org/,Michael Cunliffe,https://orcid.org/0000-0002-6716-3555,N,2023-06-12 00:00:00,2023-06-15 00:00:00,-70,NA,NA,NA,NA,NA,EMOBON_MBAL4_Wa_73
EMO BON MBAL4 Wa 230123 0.2µm (2),EMOBON metagenome water sample from station MBAL4 collected on 2023-01-23 size fraction 0.2-3um,1874687,marine plankton metagenome,metagenome,seawater [ENVO:00002149]; coastal sea water [ENVO:00002150]; surface water [ENVO:00002042],2023-01-23 00:00:00,MBAL4_Wa_230123,"Michaela Buchbauer,  Mitchell Brenen, Sean McTierney",,ebb_tide,,1,2,20,5.25,0.2-3,0.2,3,Y,Niskin,WaSOP 1,"4.5 mL cryotubes, 4 mL DNA/RNA shield, vacuum pump",2023-01-23 00:00:00,shipped,-80,Kimberley Bird,https://orcid.org/,Michael Cunliffe,https://orcid.org/0000-0002-6716-3555,N,2023-06-12 00:00:00,2023-06-15 00:00:00,-70,NA,NA,NA,NA,NA,EMOBON_MBAL4_Wa_74
EMO BON MBAL4 Wa 230123 3µm (3),EMOBON metagenome water sample from station MBAL4 collected on 2023-01-23 size fraction 3-200um,1874687,marine plankton metagenome,metagenome,seawater [ENVO:00002149]; coastal sea water [ENVO:00002150]; surface water [ENVO:00002042],2023-01-23 00:00:00,MBAL4_Wa_230123,"Michaela Buchbauer,  Mitchell Brenen, Sean McTierney",,ebb_tide,,1,3,20,6,3-200,3,200,Y,Niskin,WaSOP 1,"4.5 mL cryotubes, vacuum pump",2023-01-23 00:00:00,Cell and Molec chest Tower A2,-80,Kimberley Bird,https://orcid.org/,Michael Cunliffe,https://orcid.org/0000-0002-6716-3555,Y,NA,NA,NA,NA,NA,NA,NA,NA,EMOBON_MBAL4_Wa_75
EMO BON MBAL4 Wa 230123 3µm (4),EMOBON metagenome water sample from station MBAL4 collected on 2023-01-23 size fraction 3-200um,1874687,marine plankton metagenome,metagenome,seawater [ENVO:00002149]; coastal sea water [ENVO:00002150]; surface water [ENVO:00002042],2023-01-23 00:00:00,MBAL4_Wa_230123,"Michaela Buchbauer,  Mitchell Brenen, Sean McTierney",,ebb_tide,,1,4,20,6,3-200,3,200,Y,Niskin,WaSOP 1,"4.5 mL cryotubes, vacuum pump",2023-01-23 00:00:00,Cell and Molec chest Tower A2,-80,Kimberley Bird,https://orcid.org/,Michael Cunliffe,https://orcid.org/0000-0002-6716-3555,Y,NA,NA,NA,NA,NA,NA,NA,NA,EMOBON_MBAL4_Wa_76
EMO BON MBAL4 Wa 230123 0.2µm (3),EMOBON metagenome water sample from station MBAL4 collected on 2023-01-23 size fraction 0.2-3um,1874687,marine plankton metagenome,metagenome,seawater [ENVO:00002149]; coastal sea water [ENVO:00002150]; surface water [ENVO:00002042],2023-01-23 00:00:00,MBAL4_Wa_230123,"Michaela Buchbauer,  Mitchell Brenen, Sean McTierney",,ebb_tide,,1,3,20,6,0.2-3,0.2,3,Y,Niskin,WaSOP 1,"4.5 mL cryotubes, vacuum pump",2023-01-23 00:00:00,Cell and Molec chest Tower A2,-80,Kimberley Bird,https://orcid.org/,Michael Cunliffe,https://orcid.org/0000-0002-6716-3555,Y,NA,NA,NA,NA,NA,NA,NA,NA,EMOBON_MBAL4_Wa_77
EMO BON MBAL4 Wa 230123 0.2µm (4),EMOBON metagenome water sample from station MBAL4 collected on 2023-01-23 size fraction 0.2-3um,1874687,marine plankton metagenome,metagenome,seawater [ENVO:00002149]; coastal sea water [ENVO:00002150]; surface water [ENVO:00002042],2023-01-23 00:00:00,MBAL4_Wa_230123,"Michaela Buchbauer,  Mitchell Brenen, Sean McTierney",,ebb_tide,,1,4,20,6,0.2-3,0.2,3,Y,Niskin,WaSOP 1,"4.5 mL cryotubes, vacuum pump",2023-01-23 00:00:00,Cell and Molec chest Tower A2,-80,Kimberley Bird,https://orcid.org/,Michael Cunliffe,https://orcid.org/0000-0002-6716-3555,Y,NA,NA,NA,NA,NA,NA,NA,NA,EMOBON_MBAL4_Wa_78
EMO BON MBAL4 Wa 230123 3µm (blank),EMOBON metagenome water sample from station MBAL4 collected on 2023-01-23 size fraction 3um,256318,metagenome,metagenome,MilliQ water [ENVO:00003065],2023-01-23 00:00:00,MBAL4_Wa_230123,NA,NA,NA,,NA,blank_1,20,0,3,3,,N,NA,WaSOP 1,"4.5 mL cryotubes, 4 mL DNA/RNA shield, vacuum pump",2023-01-23 00:00:00,Cell and Molec chest Tower A2,-80,Kimberley Bird,https://orcid.org/,Michael Cunliffe,https://orcid.org/0000-0002-6716-3555,Y,NA,NA,NA,NA,NA,NA,NA,NA,EMOBON_MBAL4_Wa_79
EMO BON MBAL4 Wa 230123 0.2µm (blank),EMOBON metagenome water sample from station MBAL4 collected on 2023-01-23 size fraction 0.2-3um,256318,metagenome,metagenome,MilliQ water [ENVO:00003065],2023-01-23 00:00:00,MBAL4_Wa_230123,NA,NA,NA,,NA,blank_1,20,0,0.2-3,0.2,3,N,NA,WaSOP 1,"4.5 mL cryotubes, 4 mL DNA/RNA shield, vacuum pump",2023-01-23 00:00:00,Cell and Molec chest Tower A2,-80,Kimberley Bird,https://orcid.org/,Michael Cunliffe,https://orcid.org/0000-0002-6716-3555,Y,NA,NA,NA,NA,NA,NA,NA,NA,EMOBON_MBAL4_Wa_80
